who,outfit,rain,frame,asset,index,sx,sy,sw,sh,dx,dy,dw,dh,view_w,view_h,scale_x,scale_y,opaque_width,opaque_height,opaque_pixels,clipped_pixels,clip_percent,anisotropic
husband,default,False,0,husband-motion,0,37,14,187,322,8.339354838709678,6.7408797653958885,55.321290322580644,95.25912023460411,72,104,0.2958357771260997,0.2958357771260997,55.321290322580644,95.25912023460411,33952,0,0.0,False
husband,default,False,1,husband-motion,1,306,14,159,322,12.481055718475073,6.7408797653958885,47.037888563049854,95.25912023460411,72,104,0.2958357771260997,0.2958357771260997,47.037888563049854,95.25912023460411,32729,0,0.0,False
husband,default,False,2,husband-motion,2,562,15,164,321,11.741466275659825,7.036715542521989,48.51706744868035,94.96328445747801,72,104,0.2958357771260997,0.2958357771260997,48.51706744868035,94.96328445747801,33163,0,0.0,False
husband,default,False,3,husband-motion,3,819,13,183,323,8.931026392961876,6.445043988269788,54.13794721407625,95.55495601173021,72,104,0.2958357771260997,0.2958357771260997,54.13794721407625,95.55495601173021,33870,0,0.0,False
husband,default,False,4,husband-motion,4,59,351,144,324,14.69982404692082,6.149208211143701,42.60035190615836,95.8507917888563,72,104,0.2958357771260997,0.2958357771260997,42.60035190615836,95.8507917888563,34140,0,0.0,False
husband,default,False,5,husband-motion,5,312,351,143,324,14.847741935483871,6.149208211143701,42.30451612903226,95.8507917888563,72,104,0.2958357771260997,0.2958357771260997,42.30451612903226,95.8507917888563,33398,0,0.0,False
husband,default,False,6,husband-motion,6,569,351,142,324,14.995659824046921,6.149208211143701,42.00868035190616,95.8507917888563,72,104,0.2958357771260997,0.2958357771260997,42.00868035190616,95.8507917888563,33603,0,0.0,False
husband,default,False,7,husband-motion,7,824,352,147,323,14.256070381231673,6.445043988269788,43.487859237536654,95.55495601173021,72,104,0.2958357771260997,0.2958357771260997,43.487859237536654,95.55495601173021,33450,0,0.0,False
husband,default,False,8,husband-motion,8,10,694,240,253,0.49970674486803546,27.153548387096777,71.00058651026393,74.84645161290322,72,104,0.2958357771260997,0.2958357771260997,71.00058651026393,74.84645161290322,33438,0,0.0,False
husband,default,False,9,husband-motion,9,264,697,233,276,1.5351319648093806,20.349325513196476,68.92973607038124,81.65067448680352,72,104,0.2958357771260997,0.2958357771260997,68.92973607038124,81.65067448680352,31938,0,0.0,False
husband,default,False,10,husband-motion,10,529,731,227,256,2.4226392961876826,26.266041055718475,67.15472140762463,75.73395894428153,72,104,0.2958357771260997,0.2958357771260997,67.15472140762463,75.73395894428153,33785,0,0.0,False
husband,default,False,11,husband-motion,11,822,686,170,307,10.853958944281526,11.178416422287384,50.29208211143695,90.82158357771262,72,104,0.2958357771260997,0.2958357771260997,50.29208211143695,90.82158357771262,30571,0,0.0,False
husband,default,False,12,husband-social,0,50,15,157,321,12.776891495601173,7.036715542521989,46.44621700879765,94.96328445747801,72,104,0.2958357771260997,0.2958357771260997,46.44621700879765,94.96328445747801,33776,0,0.0,False
husband,default,False,13,husband-social,1,288,10,206,326,5.528914956011729,5.5575366568915,60.94217008797654,96.4424633431085,72,104,0.2958357771260997,0.2958357771260997,60.94217008797654,96.4424633431085,37446,0,0.0,False
husband,default,False,14,husband-social,2,527,14,223,322,3.014310850439884,6.7408797653958885,65.97137829912023,95.25912023460411,72,104,0.2958357771260997,0.2958357771260997,65.97137829912023,95.25912023460411,33947,0,0.0,False
husband,default,False,15,husband-social,3,823,13,152,323,13.516480938416422,6.445043988269788,44.96703812316716,95.55495601173021,72,104,0.2958357771260997,0.2958357771260997,44.96703812316716,95.55495601173021,31120,0,0.0,False
husband,default,False,16,husband-social,4,23,355,221,321,3.3101466275659845,7.036715542521989,65.37970674486803,94.96328445747801,72,104,0.2958357771260997,0.2958357771260997,65.37970674486803,94.96328445747801,34789,0,0.0,False
husband,default,False,17,husband-social,5,273,352,233,325,1.5351319648093806,5.853372434017601,68.92973607038124,96.1466275659824,72,104,0.2958357771260997,0.2958357771260997,68.92973607038124,96.1466275659824,35466,0,0.0,False
husband,default,False,18,husband-social,6,536,357,225,320,2.7184750733137832,7.33255131964809,66.56304985337243,94.66744868035191,72,104,0.2958357771260997,0.2958357771260997,66.56304985337243,94.66744868035191,35019,0,0.0,False
husband,default,False,19,husband-social,7,817,352,158,325,12.628973607038123,5.853372434017601,46.742052785923754,96.1466275659824,72,104,0.2958357771260997,0.2958357771260997,46.742052785923754,96.1466275659824,32694,0,0.0,False
husband,default,False,20,husband-social,8,18,697,235,313,1.239296187683287,9.403401759530794,69.52140762463343,92.5965982404692,72,104,0.2958357771260997,0.2958357771260997,69.52140762463343,92.5965982404692,36240,0,0.0,False
husband,default,False,21,husband-social,9,273,699,228,309,2.2747214076246323,10.586744868035197,67.45055718475074,91.4132551319648,72,104,0.2958357771260997,0.2958357771260997,67.45055718475074,91.4132551319648,35127,0,0.0,False
husband,default,False,22,husband-social,10,558,691,161,319,12.185219941348972,7.6283870967741905,47.629560117302056,94.37161290322581,72,104,0.2958357771260997,0.2958357771260997,47.629560117302056,94.37161290322581,31578,0,0.0,False
husband,default,False,23,husband-social,11,795,691,202,318,6.12058651026393,7.924222873900291,59.75882697947214,94.07577712609971,72,104,0.2958357771260997,0.2958357771260997,59.75882697947214,94.07577712609971,35384,0,0.0,False
husband,default,False,24,husband-personal,0,47,14,175,327,10.114369501466275,5.2617008797653995,51.77126099706745,96.7382991202346,72,104,0.2958357771260997,0.2958357771260997,51.77126099706745,96.7382991202346,36172,0,0.0,False
husband,default,False,25,husband-personal,1,303,14,169,327,11.001876832844573,5.2617008797653995,49.996246334310854,96.7382991202346,72,104,0.2958357771260997,0.2958357771260997,49.996246334310854,96.7382991202346,35750,0,0.0,False
husband,default,False,26,husband-personal,2,559,13,153,328,13.368563049853371,4.965865102639299,45.26287390029326,97.0341348973607,72,104,0.2958357771260997,0.2958357771260997,45.26287390029326,97.0341348973607,34667,0,0.0,False
husband,default,False,27,husband-personal,3,814,14,156,327,12.924809384164224,5.2617008797653995,46.15038123167155,96.7382991202346,72,104,0.2958357771260997,0.2958357771260997,46.15038123167155,96.7382991202346,34159,0,0.0,False
husband,default,False,28,husband-personal,4,40,341,176,341,9.966451612903224,1.1200000000000045,52.06709677419355,100.88,72,104,0.2958357771260997,0.2958357771260997,52.06709677419355,100.88,34540,0,0.0,False
husband,default,False,29,husband-personal,5,297,341,175,322,10.114369501466275,6.7408797653958885,51.77126099706745,95.25912023460411,72,104,0.2958357771260997,0.2958357771260997,51.77126099706745,95.25912023460411,34298,0,0.0,False
husband,default,False,30,husband-personal,6,553,341,175,322,10.114369501466275,6.7408797653958885,51.77126099706745,95.25912023460411,72,104,0.2958357771260997,0.2958357771260997,51.77126099706745,95.25912023460411,34271,0,0.0,False
husband,default,False,31,husband-personal,7,779,341,232,322,1.683049853372431,6.7408797653958885,68.63390029325514,95.25912023460411,72,104,0.2958357771260997,0.2958357771260997,68.63390029325514,95.25912023460411,38823,0,0.0,False
husband,default,False,32,husband-personal,8,42,682,197,315,6.860175953079178,8.811730205278593,58.279648093841644,93.1882697947214,72,104,0.2958357771260997,0.2958357771260997,58.279648093841644,93.1882697947214,36256,0,0.0,False
husband,default,False,33,husband-personal,9,296,707,204,290,5.824750733137829,16.20762463343108,60.35049853372434,85.79237536656892,72,104,0.2958357771260997,0.2958357771260997,60.35049853372434,85.79237536656892,34926,0,0.0,False
husband,default,False,34,husband-personal,10,544,686,198,310,6.712258064516128,10.290909090909096,58.575483870967744,91.7090909090909,72,104,0.2958357771260997,0.2958357771260997,58.575483870967744,91.7090909090909,38733,0,0.0,False
husband,default,False,35,husband-personal,11,800,689,189,307,8.043519061583577,11.178416422287384,55.912961876832846,90.82158357771262,72,104,0.2958357771260997,0.2958357771260997,55.912961876832846,90.82158357771262,38476,0,0.0,False
husband,default,False,36,kiss,0,0,0,256,341,-1.8669794721407627,1.1200000000000045,75.73395894428153,100.88,72,104,0.2958357771260997,0.2958357771260997,56.208797653958946,97.3299706744868,31046,0,0.0,False
husband,default,False,37,kiss,1,256,0,256,341,-1.8669794721407627,1.1200000000000045,75.73395894428153,100.88,72,104,0.2958357771260997,0.2958357771260997,55.025454545454544,97.0341348973607,30729,0,0.0,False
husband,default,False,38,kiss,2,512,0,256,341,-1.8669794721407627,1.1200000000000045,75.73395894428153,100.88,72,104,0.2958357771260997,0.2958357771260997,54.13794721407625,97.3299706744868,30833,0,0.0,False
husband,default,False,39,kiss,3,768,0,256,341,-1.8669794721407627,1.1200000000000045,75.73395894428153,100.88,72,104,0.2958357771260997,0.2958357771260997,47.92539589442815,97.921642228739,28975,0,0.0,False
husband,default,False,40,parachutes,1,512,0,512,512,-14.439999999999998,1.1200000000000045,100.88,100.88,72,104,0.19703125,0.19703125,90.63437499999999,96.15124999999999,88723,767,0.8644883513857737,False
husband,default,False,41,parachutes,2,1024,0,512,512,-14.439999999999998,1.1200000000000045,100.88,100.88,72,104,0.19703125,0.19703125,69.94609375,93.786875,88251,404,0.4577851809044657,False
husband,default,False,42,peeking,0,0,0,512,512,0,0,38.0,44.0,38,44,0.07421875,0.0859375,28.9453125,42.453125,117348,0,0.0,True
husband,default,False,43,peeking,1,512,0,512,512,0,0,38.0,44.0,38,44,0.07421875,0.0859375,28.9453125,42.453125,117316,0,0.0,True
husband,default,False,44,cooling,0,0,0,384,512,-1.8299999999999983,1.1200000000000045,75.66,100.88,72,104,0.19703125,0.19703125,40.5884375,89.84625,59156,0,0.0,False
husband,default,False,45,cooling,1,384,0,384,512,-1.8299999999999983,1.1200000000000045,75.66,100.88,72,104,0.19703125,0.19703125,49.651875,89.4521875,61005,0,0.0,False
husband,default,False,46,cooling,2,768,0,384,512,-1.8299999999999983,1.1200000000000045,75.66,100.88,72,104,0.19703125,0.19703125,54.18359375,76.25109375,62425,0,0.0,False
husband,default,False,47,cooling,3,1152,0,384,512,-1.8299999999999983,1.1200000000000045,75.66,100.88,72,104,0.19703125,0.19703125,60.685624999999995,74.08375,62716,0,0.0,False
husband,default,False,48,husband-idle,0,0,0,256,384,2.373333333333335,1.1200000000000045,67.25333333333333,100.88,72,104,0.2627083333333333,0.2627083333333333,52.27895833333333,66.72791666666666,30021,0,0.0,False
husband,default,False,49,husband-idle,1,256,0,256,384,2.373333333333335,1.1200000000000045,67.25333333333333,100.88,72,104,0.2627083333333333,0.2627083333333333,51.49083333333333,68.30416666666666,31583,0,0.0,False
husband,default,False,50,husband-idle,2,512,0,256,384,2.373333333333335,1.1200000000000045,67.25333333333333,100.88,72,104,0.2627083333333333,0.2627083333333333,51.228125,68.30416666666666,30711,0,0.0,False
husband,default,False,51,husband-idle,3,768,0,256,384,2.373333333333335,1.1200000000000045,67.25333333333333,100.88,72,104,0.2627083333333333,0.2627083333333333,47.024791666666665,66.990625,30808,0,0.0,False
husband,default,False,52,husband-idle,4,0,384,256,384,2.373333333333335,1.1200000000000045,67.25333333333333,100.88,72,104,0.2627083333333333,0.2627083333333333,41.50791666666667,80.65145833333332,30544,0,0.0,False
husband,default,False,53,husband-idle,5,256,384,256,384,2.373333333333335,1.1200000000000045,67.25333333333333,100.88,72,104,0.2627083333333333,0.2627083333333333,44.923125,80.38875,31200,0,0.0,False
husband,default,False,54,husband-idle,6,512,384,256,384,2.373333333333335,1.1200000000000045,67.25333333333333,100.88,72,104,0.2627083333333333,0.2627083333333333,47.812916666666666,77.76166666666666,30588,0,0.0,False
husband,default,False,55,husband-idle,7,768,384,256,384,2.373333333333335,1.1200000000000045,67.25333333333333,100.88,72,104,0.2627083333333333,0.2627083333333333,46.76208333333333,78.8125,29982,0,0.0,False
husband,default,False,56,husband-idle,8,0,768,256,384,2.373333333333335,1.1200000000000045,67.25333333333333,100.88,72,104,0.2627083333333333,0.2627083333333333,40.45708333333333,86.69375,30733,0,0.0,False
husband,default,False,57,husband-idle,9,256,768,256,384,2.373333333333335,1.1200000000000045,67.25333333333333,100.88,72,104,0.2627083333333333,0.2627083333333333,42.558749999999996,86.69375,35306,0,0.0,False
husband,default,False,58,husband-idle,10,512,768,256,384,2.373333333333335,1.1200000000000045,67.25333333333333,100.88,72,104,0.2627083333333333,0.2627083333333333,45.97395833333333,86.95645833333333,35657,0,0.0,False
husband,default,False,59,husband-idle,11,768,768,256,384,2.373333333333335,1.1200000000000045,67.25333333333333,100.88,72,104,0.2627083333333333,0.2627083333333333,43.346875,87.481875,35253,0,0.0,False
husband,default,False,60,husband-idle,12,0,1152,256,384,2.373333333333335,1.1200000000000045,67.25333333333333,100.88,72,104,0.2627083333333333,0.2627083333333333,46.499375,82.49041666666666,29563,0,0.0,False
husband,default,False,61,husband-idle,13,256,1152,256,384,2.373333333333335,1.1200000000000045,67.25333333333333,100.88,72,104,0.2627083333333333,0.2627083333333333,45.71125,81.70229166666667,29721,0,0.0,False
husband,default,False,62,husband-idle,14,512,1152,256,384,2.373333333333335,1.1200000000000045,67.25333333333333,100.88,72,104,0.2627083333333333,0.2627083333333333,44.397708333333334,82.49041666666666,29856,0,0.0,False
husband,default,False,63,husband-idle,15,768,1152,256,384,2.373333333333335,1.1200000000000045,67.25333333333333,100.88,72,104,0.2627083333333333,0.2627083333333333,44.135,81.70229166666667,29773,0,0.0,False
husband,default,True,0,rain-default,2,512,0,256,256,0.0,30.0,72.0,72.0,72,104,0.28125,0.28125,57.09375,64.6875,21756,0,0.0,False
husband,default,True,1,rain-default,3,768,0,256,256,0.0,30.0,72.0,72.0,72,104,0.28125,0.28125,54.84375,64.6875,20771,0,0.0,False
husband,default,True,2,rain-default,2,512,0,256,256,0.0,30.0,72.0,72.0,72,104,0.28125,0.28125,57.09375,64.6875,21756,0,0.0,False
husband,default,True,3,rain-default,3,768,0,256,256,0.0,30.0,72.0,72.0,72,104,0.28125,0.28125,54.84375,64.6875,20771,0,0.0,False
husband,default,True,4,rain-default,0,0,0,256,256,0.0,30.0,72.0,72.0,72,104,0.28125,0.28125,56.53125,64.96875,21860,0,0.0,False
husband,default,True,5,rain-default,1,256,0,256,256,0.0,30.0,72.0,72.0,72,104,0.28125,0.28125,56.8125,64.6875,21942,0,0.0,False
husband,default,True,6,rain-default,1,256,0,256,256,0.0,30.0,72.0,72.0,72,104,0.28125,0.28125,56.8125,64.6875,21942,0,0.0,False
husband,default,True,7,rain-default,0,0,0,256,256,0.0,30.0,72.0,72.0,72,104,0.28125,0.28125,56.53125,64.96875,21860,0,0.0,False
husband,default,True,8,husband-motion,8,10,694,240,253,0.49970674486803546,27.153548387096777,71.00058651026393,74.84645161290322,72,104,0.2958357771260997,0.2958357771260997,71.00058651026393,74.84645161290322,33438,0,0.0,False
husband,default,True,9,husband-motion,9,264,697,233,276,1.5351319648093806,20.349325513196476,68.92973607038124,81.65067448680352,72,104,0.2958357771260997,0.2958357771260997,68.92973607038124,81.65067448680352,31938,0,0.0,False
husband,default,True,10,husband-motion,10,529,731,227,256,2.4226392961876826,26.266041055718475,67.15472140762463,75.73395894428153,72,104,0.2958357771260997,0.2958357771260997,67.15472140762463,75.73395894428153,33785,0,0.0,False
husband,default,True,11,husband-motion,11,822,686,170,307,10.853958944281526,11.178416422287384,50.29208211143695,90.82158357771262,72,104,0.2958357771260997,0.2958357771260997,50.29208211143695,90.82158357771262,30571,0,0.0,False
husband,default,True,12,rain-default,5,256,256,256,256,0.0,30.0,72.0,72.0,72,104,0.28125,0.28125,57.375,65.8125,23549,0,0.0,False
husband,default,True,13,rain-default,5,256,256,256,256,0.0,30.0,72.0,72.0,72,104,0.28125,0.28125,57.375,65.8125,23549,0,0.0,False
husband,default,True,14,rain-default,5,256,256,256,256,0.0,30.0,72.0,72.0,72,104,0.28125,0.28125,57.375,65.8125,23549,0,0.0,False
husband,default,True,15,rain-default,0,0,0,256,256,0.0,30.0,72.0,72.0,72,104,0.28125,0.28125,56.53125,64.96875,21860,0,0.0,False
husband,default,True,16,rain-default,0,0,0,256,256,0.0,30.0,72.0,72.0,72,104,0.28125,0.28125,56.53125,64.96875,21860,0,0.0,False
husband,default,True,17,rain-default,0,0,0,256,256,0.0,30.0,72.0,72.0,72,104,0.28125,0.28125,56.53125,64.96875,21860,0,0.0,False
husband,default,True,18,rain-default,0,0,0,256,256,0.0,30.0,72.0,72.0,72,104,0.28125,0.28125,56.53125,64.96875,21860,0,0.0,False
husband,default,True,19,rain-default,0,0,0,256,256,0.0,30.0,72.0,72.0,72,104,0.28125,0.28125,56.53125,64.96875,21860,0,0.0,False
husband,default,True,20,rain-default,10,512,512,256,256,0.0,30.0,72.0,72.0,72,104,0.28125,0.28125,57.65625,65.53125,24206,0,0.0,False
husband,default,True,21,rain-default,10,512,512,256,256,0.0,30.0,72.0,72.0,72,104,0.28125,0.28125,57.65625,65.53125,24206,0,0.0,False
husband,default,True,22,rain-default,10,512,512,256,256,0.0,30.0,72.0,72.0,72,104,0.28125,0.28125,57.65625,65.53125,24206,0,0.0,False
husband,default,True,23,rain-default,8,0,512,256,256,0.0,30.0,72.0,72.0,72,104,0.28125,0.28125,58.21875,65.53125,24161,0,0.0,False
husband,default,True,24,rain-default,4,0,256,256,256,0.0,30.0,72.0,72.0,72,104,0.28125,0.28125,57.09375,65.8125,23189,0,0.0,False
husband,default,True,25,rain-default,4,0,256,256,256,0.0,30.0,72.0,72.0,72,104,0.28125,0.28125,57.09375,65.8125,23189,0,0.0,False
husband,default,True,26,rain-default,4,0,256,256,256,0.0,30.0,72.0,72.0,72,104,0.28125,0.28125,57.09375,65.8125,23189,0,0.0,False
husband,default,True,27,rain-default,4,0,256,256,256,0.0,30.0,72.0,72.0,72,104,0.28125,0.28125,57.09375,65.8125,23189,0,0.0,False
husband,default,True,28,rain-default,6,512,256,256,256,0.0,30.0,72.0,72.0,72,104,0.28125,0.28125,57.65625,63.0,24849,0,0.0,False
husband,default,True,29,rain-default,6,512,256,256,256,0.0,30.0,72.0,72.0,72,104,0.28125,0.28125,57.65625,63.0,24849,0,0.0,False
husband,default,True,30,rain-default,6,512,256,256,256,0.0,30.0,72.0,72.0,72,104,0.28125,0.28125,57.65625,63.0,24849,0,0.0,False
husband,default,True,31,rain-default,6,512,256,256,256,0.0,30.0,72.0,72.0,72,104,0.28125,0.28125,57.65625,63.0,24849,0,0.0,False
husband,default,True,32,rain-default,11,768,512,256,256,0.0,30.0,72.0,72.0,72,104,0.28125,0.28125,56.53125,63.84375,25575,0,0.0,False
husband,default,True,33,rain-default,11,768,512,256,256,0.0,30.0,72.0,72.0,72,104,0.28125,0.28125,56.53125,63.84375,25575,0,0.0,False
husband,default,True,34,rain-default,11,768,512,256,256,0.0,30.0,72.0,72.0,72,104,0.28125,0.28125,56.53125,63.84375,25575,0,0.0,False
husband,default,True,35,rain-default,11,768,512,256,256,0.0,30.0,72.0,72.0,72,104,0.28125,0.28125,56.53125,63.84375,25575,0,0.0,False
husband,default,True,36,rain-default,7,768,256,256,256,0.0,30.0,72.0,72.0,72,104,0.28125,0.28125,54.5625,64.125,21247,0,0.0,False
husband,default,True,37,rain-default,7,768,256,256,256,0.0,30.0,72.0,72.0,72,104,0.28125,0.28125,54.5625,64.125,21247,0,0.0,False
husband,default,True,38,rain-default,7,768,256,256,256,0.0,30.0,72.0,72.0,72,104,0.28125,0.28125,54.5625,64.125,21247,0,0.0,False
husband,default,True,39,rain-default,0,0,0,256,256,0.0,30.0,72.0,72.0,72,104,0.28125,0.28125,56.53125,64.96875,21860,0,0.0,False
husband,default,True,40,parachutes,1,512,0,512,512,-14.439999999999998,1.1200000000000045,100.88,100.88,72,104,0.19703125,0.19703125,90.63437499999999,96.15124999999999,88723,767,0.8644883513857737,False
husband,default,True,41,parachutes,2,1024,0,512,512,-14.439999999999998,1.1200000000000045,100.88,100.88,72,104,0.19703125,0.19703125,69.94609375,93.786875,88251,404,0.4577851809044657,False
husband,default,True,42,peeking,0,0,0,512,512,0,0,38.0,44.0,38,44,0.07421875,0.0859375,28.9453125,42.453125,117348,0,0.0,True
husband,default,True,43,peeking,1,512,0,512,512,0,0,38.0,44.0,38,44,0.07421875,0.0859375,28.9453125,42.453125,117316,0,0.0,True
husband,default,True,44,rain-default,5,256,256,256,256,0.0,30.0,72.0,72.0,72,104,0.28125,0.28125,57.375,65.8125,23549,0,0.0,False
husband,default,True,45,rain-default,5,256,256,256,256,0.0,30.0,72.0,72.0,72,104,0.28125,0.28125,57.375,65.8125,23549,0,0.0,False
husband,default,True,46,rain-default,11,768,512,256,256,0.0,30.0,72.0,72.0,72,104,0.28125,0.28125,56.53125,63.84375,25575,0,0.0,False
husband,default,True,47,rain-default,9,256,512,256,256,0.0,30.0,72.0,72.0,72,104,0.28125,0.28125,56.53125,60.75,23255,0,0.0,False
husband,default,True,48,rain-default,9,256,512,256,256,0.0,30.0,72.0,72.0,72,104,0.28125,0.28125,56.53125,60.75,23255,0,0.0,False
husband,default,True,49,rain-default,6,512,256,256,256,0.0,30.0,72.0,72.0,72,104,0.28125,0.28125,57.65625,63.0,24849,0,0.0,False
husband,default,True,50,rain-default,6,512,256,256,256,0.0,30.0,72.0,72.0,72,104,0.28125,0.28125,57.65625,63.0,24849,0,0.0,False
husband,default,True,51,rain-default,9,256,512,256,256,0.0,30.0,72.0,72.0,72,104,0.28125,0.28125,56.53125,60.75,23255,0,0.0,False
husband,default,True,52,rain-default,0,0,0,256,256,0.0,30.0,72.0,72.0,72,104,0.28125,0.28125,56.53125,64.96875,21860,0,0.0,False
husband,default,True,53,rain-default,5,256,256,256,256,0.0,30.0,72.0,72.0,72,104,0.28125,0.28125,57.375,65.8125,23549,0,0.0,False
husband,default,True,54,rain-default,5,256,256,256,256,0.0,30.0,72.0,72.0,72,104,0.28125,0.28125,57.375,65.8125,23549,0,0.0,False
husband,default,True,55,rain-default,0,0,0,256,256,0.0,30.0,72.0,72.0,72,104,0.28125,0.28125,56.53125,64.96875,21860,0,0.0,False
husband,default,True,56,rain-default,0,0,0,256,256,0.0,30.0,72.0,72.0,72,104,0.28125,0.28125,56.53125,64.96875,21860,0,0.0,False
husband,default,True,57,rain-default,10,512,512,256,256,0.0,30.0,72.0,72.0,72,104,0.28125,0.28125,57.65625,65.53125,24206,0,0.0,False
husband,default,True,58,rain-default,10,512,512,256,256,0.0,30.0,72.0,72.0,72,104,0.28125,0.28125,57.65625,65.53125,24206,0,0.0,False
husband,default,True,59,rain-default,1,256,0,256,256,0.0,30.0,72.0,72.0,72,104,0.28125,0.28125,56.8125,64.6875,21942,0,0.0,False
husband,default,True,60,rain-default,2,512,0,256,256,0.0,30.0,72.0,72.0,72,104,0.28125,0.28125,57.09375,64.6875,21756,0,0.0,False
husband,default,True,61,rain-default,3,768,0,256,256,0.0,30.0,72.0,72.0,72,104,0.28125,0.28125,54.84375,64.6875,20771,0,0.0,False
husband,default,True,62,rain-default,2,512,0,256,256,0.0,30.0,72.0,72.0,72,104,0.28125,0.28125,57.09375,64.6875,21756,0,0.0,False
husband,default,True,63,rain-default,3,768,0,256,256,0.0,30.0,72.0,72.0,72,104,0.28125,0.28125,54.84375,64.6875,20771,0,0.0,False
husband,cold,False,0,weather-cold,2,512,0,256,256,-14.439999999999998,1.1200000000000045,100.88,100.88,72,104,0.3940625,0.3940625,56.3509375,99.30375,25793,0,0.0,False
husband,cold,False,1,weather-cold,3,768,0,256,256,-14.439999999999998,1.1200000000000045,100.88,100.88,72,104,0.3940625,0.3940625,53.9865625,98.515625,25303,0,0.0,False
husband,cold,False,2,weather-cold,2,512,0,256,256,-14.439999999999998,1.1200000000000045,100.88,100.88,72,104,0.3940625,0.3940625,56.3509375,99.30375,25793,0,0.0,False
husband,cold,False,3,weather-cold,3,768,0,256,256,-14.439999999999998,1.1200000000000045,100.88,100.88,72,104,0.3940625,0.3940625,53.9865625,98.515625,25303,0,0.0,False
husband,cold,False,4,weather-cold,0,0,0,256,256,-14.439999999999998,1.1200000000000045,100.88,100.88,72,104,0.3940625,0.3940625,53.5925,99.30375,25272,1138,4.5030072807850585,False
husband,cold,False,5,weather-cold,1,256,0,256,256,-14.439999999999998,1.1200000000000045,100.88,100.88,72,104,0.3940625,0.3940625,52.804375,99.30375,25157,0,0.0,False
husband,cold,False,6,weather-cold,1,256,0,256,256,-14.439999999999998,1.1200000000000045,100.88,100.88,72,104,0.3940625,0.3940625,52.804375,99.30375,25157,0,0.0,False
husband,cold,False,7,weather-cold,0,0,0,256,256,-14.439999999999998,1.1200000000000045,100.88,100.88,72,104,0.3940625,0.3940625,53.5925,99.30375,25272,1138,4.5030072807850585,False
husband,cold,False,8,weather-cold,8,0,512,256,256,-14.439999999999998,1.1200000000000045,100.88,100.88,72,104,0.3940625,0.3940625,81.965,100.88,29426,3880,13.185618160810169,False
husband,cold,False,9,weather-cold,8,0,512,256,256,-14.439999999999998,1.1200000000000045,100.88,100.88,72,104,0.3940625,0.3940625,81.965,100.88,29426,3880,13.185618160810169,False
husband,cold,False,10,weather-cold,8,0,512,256,256,-14.439999999999998,1.1200000000000045,100.88,100.88,72,104,0.3940625,0.3940625,81.965,100.88,29426,3880,13.185618160810169,False
husband,cold,False,11,weather-cold,8,0,512,256,256,-14.439999999999998,1.1200000000000045,100.88,100.88,72,104,0.3940625,0.3940625,81.965,100.88,29426,3880,13.185618160810169,False
husband,cold,False,12,weather-cold,5,256,256,256,256,-14.439999999999998,1.1200000000000045,100.88,100.88,72,104,0.3940625,0.3940625,65.41437499999999,100.88,27225,536,1.9687786960514233,False
husband,cold,False,13,weather-cold,5,256,256,256,256,-14.439999999999998,1.1200000000000045,100.88,100.88,72,104,0.3940625,0.3940625,65.41437499999999,100.88,27225,536,1.9687786960514233,False
husband,cold,False,14,weather-cold,5,256,256,256,256,-14.439999999999998,1.1200000000000045,100.88,100.88,72,104,0.3940625,0.3940625,65.41437499999999,100.88,27225,536,1.9687786960514233,False
husband,cold,False,15,weather-cold,0,0,0,256,256,-14.439999999999998,1.1200000000000045,100.88,100.88,72,104,0.3940625,0.3940625,53.5925,99.30375,25272,1138,4.5030072807850585,False
husband,cold,False,16,weather-cold,0,0,0,256,256,-14.439999999999998,1.1200000000000045,100.88,100.88,72,104,0.3940625,0.3940625,53.5925,99.30375,25272,1138,4.5030072807850585,False
husband,cold,False,17,weather-cold,0,0,0,256,256,-14.439999999999998,1.1200000000000045,100.88,100.88,72,104,0.3940625,0.3940625,53.5925,99.30375,25272,1138,4.5030072807850585,False
husband,cold,False,18,weather-cold,0,0,0,256,256,-14.439999999999998,1.1200000000000045,100.88,100.88,72,104,0.3940625,0.3940625,53.5925,99.30375,25272,1138,4.5030072807850585,False
husband,cold,False,19,weather-cold,0,0,0,256,256,-14.439999999999998,1.1200000000000045,100.88,100.88,72,104,0.3940625,0.3940625,53.5925,99.30375,25272,1138,4.5030072807850585,False
husband,cold,False,20,weather-cold,10,512,512,256,256,-14.439999999999998,1.1200000000000045,100.88,100.88,72,104,0.3940625,0.3940625,100.88,96.5453125,28588,2705,9.462012033020848,False
husband,cold,False,21,weather-cold,10,512,512,256,256,-14.439999999999998,1.1200000000000045,100.88,100.88,72,104,0.3940625,0.3940625,100.88,96.5453125,28588,2705,9.462012033020848,False
husband,cold,False,22,weather-cold,10,512,512,256,256,-14.439999999999998,1.1200000000000045,100.88,100.88,72,104,0.3940625,0.3940625,100.88,96.5453125,28588,2705,9.462012033020848,False
husband,cold,False,23,weather-cold,8,0,512,256,256,-14.439999999999998,1.1200000000000045,100.88,100.88,72,104,0.3940625,0.3940625,81.965,100.88,29426,3880,13.185618160810169,False
husband,cold,False,24,weather-cold,4,0,256,256,256,-14.439999999999998,1.1200000000000045,100.88,100.88,72,104,0.3940625,0.3940625,53.9865625,100.88,25149,316,1.2565111932880035,False
husband,cold,False,25,weather-cold,4,0,256,256,256,-14.439999999999998,1.1200000000000045,100.88,100.88,72,104,0.3940625,0.3940625,53.9865625,100.88,25149,316,1.2565111932880035,False
husband,cold,False,26,weather-cold,4,0,256,256,256,-14.439999999999998,1.1200000000000045,100.88,100.88,72,104,0.3940625,0.3940625,53.9865625,100.88,25149,316,1.2565111932880035,False
husband,cold,False,27,weather-cold,4,0,256,256,256,-14.439999999999998,1.1200000000000045,100.88,100.88,72,104,0.3940625,0.3940625,53.9865625,100.88,25149,316,1.2565111932880035,False
husband,cold,False,28,weather-cold,6,512,256,256,256,-14.439999999999998,1.1200000000000045,100.88,100.88,72,104,0.3940625,0.3940625,72.9015625,100.091875,27038,632,2.337450994896072,False
husband,cold,False,29,weather-cold,6,512,256,256,256,-14.439999999999998,1.1200000000000045,100.88,100.88,72,104,0.3940625,0.3940625,72.9015625,100.091875,27038,632,2.337450994896072,False
husband,cold,False,30,weather-cold,6,512,256,256,256,-14.439999999999998,1.1200000000000045,100.88,100.88,72,104,0.3940625,0.3940625,72.9015625,100.091875,27038,632,2.337450994896072,False
husband,cold,False,31,weather-cold,6,512,256,256,256,-14.439999999999998,1.1200000000000045,100.88,100.88,72,104,0.3940625,0.3940625,72.9015625,100.091875,27038,632,2.337450994896072,False
husband,cold,False,32,weather-cold,11,768,512,256,256,-14.439999999999998,1.1200000000000045,100.88,100.88,72,104,0.3940625,0.3940625,86.29968749999999,100.091875,26706,659,2.467610274844604,False
husband,cold,False,33,weather-cold,11,768,512,256,256,-14.439999999999998,1.1200000000000045,100.88,100.88,72,104,0.3940625,0.3940625,86.29968749999999,100.091875,26706,659,2.467610274844604,False
husband,cold,False,34,weather-cold,11,768,512,256,256,-14.439999999999998,1.1200000000000045,100.88,100.88,72,104,0.3940625,0.3940625,86.29968749999999,100.091875,26706,659,2.467610274844604,False
husband,cold,False,35,weather-cold,11,768,512,256,256,-14.439999999999998,1.1200000000000045,100.88,100.88,72,104,0.3940625,0.3940625,86.29968749999999,100.091875,26706,659,2.467610274844604,False
husband,cold,False,36,weather-cold,7,768,256,256,256,-14.439999999999998,1.1200000000000045,100.88,100.88,72,104,0.3940625,0.3940625,63.05,100.88,24056,0,0.0,False
husband,cold,False,37,weather-cold,7,768,256,256,256,-14.439999999999998,1.1200000000000045,100.88,100.88,72,104,0.3940625,0.3940625,63.05,100.88,24056,0,0.0,False
husband,cold,False,38,weather-cold,7,768,256,256,256,-14.439999999999998,1.1200000000000045,100.88,100.88,72,104,0.3940625,0.3940625,63.05,100.88,24056,0,0.0,False
husband,cold,False,39,weather-cold,0,0,0,256,256,-14.439999999999998,1.1200000000000045,100.88,100.88,72,104,0.3940625,0.3940625,53.5925,99.30375,25272,1138,4.5030072807850585,False
husband,cold,False,40,weather-cold,9,256,512,256,256,-14.439999999999998,1.1200000000000045,100.88,100.88,72,104,0.3940625,0.3940625,100.88,100.88,27650,4202,15.197106690777577,False
husband,cold,False,41,weather-cold,9,256,512,256,256,-14.439999999999998,1.1200000000000045,100.88,100.88,72,104,0.3940625,0.3940625,100.88,100.88,27650,4202,15.197106690777577,False
husband,cold,False,42,peeking,0,0,0,512,512,0,0,38.0,44.0,38,44,0.07421875,0.0859375,28.9453125,42.453125,117348,0,0.0,True
husband,cold,False,43,peeking,1,512,0,512,512,0,0,38.0,44.0,38,44,0.07421875,0.0859375,28.9453125,42.453125,117316,0,0.0,True
husband,cold,False,44,cooling,0,0,0,384,512,-1.8299999999999983,1.1200000000000045,75.66,100.88,72,104,0.19703125,0.19703125,40.5884375,89.84625,59156,0,0.0,False
husband,cold,False,45,cooling,1,384,0,384,512,-1.8299999999999983,1.1200000000000045,75.66,100.88,72,104,0.19703125,0.19703125,49.651875,89.4521875,61005,0,0.0,False
husband,cold,False,46,cooling,2,768,0,384,512,-1.8299999999999983,1.1200000000000045,75.66,100.88,72,104,0.19703125,0.19703125,54.18359375,76.25109375,62425,0,0.0,False
husband,cold,False,47,cooling,3,1152,0,384,512,-1.8299999999999983,1.1200000000000045,75.66,100.88,72,104,0.19703125,0.19703125,60.685624999999995,74.08375,62716,0,0.0,False
husband,cold,False,48,weather-cold,9,256,512,256,256,-14.439999999999998,1.1200000000000045,100.88,100.88,72,104,0.3940625,0.3940625,100.88,100.88,27650,4202,15.197106690777577,False
husband,cold,False,49,weather-cold,6,512,256,256,256,-14.439999999999998,1.1200000000000045,100.88,100.88,72,104,0.3940625,0.3940625,72.9015625,100.091875,27038,632,2.337450994896072,False
husband,cold,False,50,weather-cold,6,512,256,256,256,-14.439999999999998,1.1200000000000045,100.88,100.88,72,104,0.3940625,0.3940625,72.9015625,100.091875,27038,632,2.337450994896072,False
husband,cold,False,51,weather-cold,9,256,512,256,256,-14.439999999999998,1.1200000000000045,100.88,100.88,72,104,0.3940625,0.3940625,100.88,100.88,27650,4202,15.197106690777577,False
husband,cold,False,52,weather-cold,0,0,0,256,256,-14.439999999999998,1.1200000000000045,100.88,100.88,72,104,0.3940625,0.3940625,53.5925,99.30375,25272,1138,4.5030072807850585,False
husband,cold,False,53,weather-cold,5,256,256,256,256,-14.439999999999998,1.1200000000000045,100.88,100.88,72,104,0.3940625,0.3940625,65.41437499999999,100.88,27225,536,1.9687786960514233,False
husband,cold,False,54,weather-cold,5,256,256,256,256,-14.439999999999998,1.1200000000000045,100.88,100.88,72,104,0.3940625,0.3940625,65.41437499999999,100.88,27225,536,1.9687786960514233,False
husband,cold,False,55,weather-cold,0,0,0,256,256,-14.439999999999998,1.1200000000000045,100.88,100.88,72,104,0.3940625,0.3940625,53.5925,99.30375,25272,1138,4.5030072807850585,False
husband,cold,False,56,weather-cold,0,0,0,256,256,-14.439999999999998,1.1200000000000045,100.88,100.88,72,104,0.3940625,0.3940625,53.5925,99.30375,25272,1138,4.5030072807850585,False
husband,cold,False,57,weather-cold,10,512,512,256,256,-14.439999999999998,1.1200000000000045,100.88,100.88,72,104,0.3940625,0.3940625,100.88,96.5453125,28588,2705,9.462012033020848,False
husband,cold,False,58,weather-cold,10,512,512,256,256,-14.439999999999998,1.1200000000000045,100.88,100.88,72,104,0.3940625,0.3940625,100.88,96.5453125,28588,2705,9.462012033020848,False
husband,cold,False,59,weather-cold,1,256,0,256,256,-14.439999999999998,1.1200000000000045,100.88,100.88,72,104,0.3940625,0.3940625,52.804375,99.30375,25157,0,0.0,False
husband,cold,False,60,weather-cold,2,512,0,256,256,-14.439999999999998,1.1200000000000045,100.88,100.88,72,104,0.3940625,0.3940625,56.3509375,99.30375,25793,0,0.0,False
husband,cold,False,61,weather-cold,3,768,0,256,256,-14.439999999999998,1.1200000000000045,100.88,100.88,72,104,0.3940625,0.3940625,53.9865625,98.515625,25303,0,0.0,False
husband,cold,False,62,weather-cold,2,512,0,256,256,-14.439999999999998,1.1200000000000045,100.88,100.88,72,104,0.3940625,0.3940625,56.3509375,99.30375,25793,0,0.0,False
husband,cold,False,63,weather-cold,3,768,0,256,256,-14.439999999999998,1.1200000000000045,100.88,100.88,72,104,0.3940625,0.3940625,53.9865625,98.515625,25303,0,0.0,False
husband,cold,True,0,rain-cold,2,512,0,256,256,0.0,30.0,72.0,72.0,72,104,0.28125,0.28125,56.8125,64.96875,22546,0,0.0,False
husband,cold,True,1,rain-cold,3,768,0,256,256,0.0,30.0,72.0,72.0,72,104,0.28125,0.28125,54.5625,64.6875,21476,0,0.0,False
husband,cold,True,2,rain-cold,2,512,0,256,256,0.0,30.0,72.0,72.0,72,104,0.28125,0.28125,56.8125,64.96875,22546,0,0.0,False
husband,cold,True,3,rain-cold,3,768,0,256,256,0.0,30.0,72.0,72.0,72,104,0.28125,0.28125,54.5625,64.6875,21476,0,0.0,False
husband,cold,True,4,rain-cold,0,0,0,256,256,0.0,30.0,72.0,72.0,72,104,0.28125,0.28125,56.53125,64.96875,22778,0,0.0,False
husband,cold,True,5,rain-cold,1,256,0,256,256,0.0,30.0,72.0,72.0,72,104,0.28125,0.28125,56.53125,64.6875,22624,0,0.0,False
husband,cold,True,6,rain-cold,1,256,0,256,256,0.0,30.0,72.0,72.0,72,104,0.28125,0.28125,56.53125,64.6875,22624,0,0.0,False
husband,cold,True,7,rain-cold,0,0,0,256,256,0.0,30.0,72.0,72.0,72,104,0.28125,0.28125,56.53125,64.96875,22778,0,0.0,False
husband,cold,True,8,weather-cold,8,0,512,256,256,-14.439999999999998,1.1200000000000045,100.88,100.88,72,104,0.3940625,0.3940625,81.965,100.88,29426,3880,13.185618160810169,False
husband,cold,True,9,weather-cold,8,0,512,256,256,-14.439999999999998,1.1200000000000045,100.88,100.88,72,104,0.3940625,0.3940625,81.965,100.88,29426,3880,13.185618160810169,False
husband,cold,True,10,weather-cold,8,0,512,256,256,-14.439999999999998,1.1200000000000045,100.88,100.88,72,104,0.3940625,0.3940625,81.965,100.88,29426,3880,13.185618160810169,False
husband,cold,True,11,weather-cold,8,0,512,256,256,-14.439999999999998,1.1200000000000045,100.88,100.88,72,104,0.3940625,0.3940625,81.965,100.88,29426,3880,13.185618160810169,False
husband,cold,True,12,rain-cold,5,256,256,256,256,0.0,30.0,72.0,72.0,72,104,0.28125,0.28125,56.8125,65.8125,24238,0,0.0,False
husband,cold,True,13,rain-cold,5,256,256,256,256,0.0,30.0,72.0,72.0,72,104,0.28125,0.28125,56.8125,65.8125,24238,0,0.0,False
husband,cold,True,14,rain-cold,5,256,256,256,256,0.0,30.0,72.0,72.0,72,104,0.28125,0.28125,56.8125,65.8125,24238,0,0.0,False
husband,cold,True,15,rain-cold,0,0,0,256,256,0.0,30.0,72.0,72.0,72,104,0.28125,0.28125,56.53125,64.96875,22778,0,0.0,False
husband,cold,True,16,rain-cold,0,0,0,256,256,0.0,30.0,72.0,72.0,72,104,0.28125,0.28125,56.53125,64.96875,22778,0,0.0,False
husband,cold,True,17,rain-cold,0,0,0,256,256,0.0,30.0,72.0,72.0,72,104,0.28125,0.28125,56.53125,64.96875,22778,0,0.0,False
husband,cold,True,18,rain-cold,0,0,0,256,256,0.0,30.0,72.0,72.0,72,104,0.28125,0.28125,56.53125,64.96875,22778,0,0.0,False
husband,cold,True,19,rain-cold,0,0,0,256,256,0.0,30.0,72.0,72.0,72,104,0.28125,0.28125,56.53125,64.96875,22778,0,0.0,False
husband,cold,True,20,rain-cold,10,512,512,256,256,0.0,30.0,72.0,72.0,72,104,0.28125,0.28125,57.65625,65.53125,24675,0,0.0,False
husband,cold,True,21,rain-cold,10,512,512,256,256,0.0,30.0,72.0,72.0,72,104,0.28125,0.28125,57.65625,65.53125,24675,0,0.0,False
husband,cold,True,22,rain-cold,10,512,512,256,256,0.0,30.0,72.0,72.0,72,104,0.28125,0.28125,57.65625,65.53125,24675,0,0.0,False
husband,cold,True,23,rain-cold,8,0,512,256,256,0.0,30.0,72.0,72.0,72,104,0.28125,0.28125,58.21875,65.8125,24851,0,0.0,False
husband,cold,True,24,rain-cold,4,0,256,256,256,0.0,30.0,72.0,72.0,72,104,0.28125,0.28125,57.09375,66.09375,23785,0,0.0,False
husband,cold,True,25,rain-cold,4,0,256,256,256,0.0,30.0,72.0,72.0,72,104,0.28125,0.28125,57.09375,66.09375,23785,0,0.0,False
husband,cold,True,26,rain-cold,4,0,256,256,256,0.0,30.0,72.0,72.0,72,104,0.28125,0.28125,57.09375,66.09375,23785,0,0.0,False
husband,cold,True,27,rain-cold,4,0,256,256,256,0.0,30.0,72.0,72.0,72,104,0.28125,0.28125,57.09375,66.09375,23785,0,0.0,False
husband,cold,True,28,rain-cold,6,512,256,256,256,0.0,30.0,72.0,72.0,72,104,0.28125,0.28125,57.65625,63.0,25397,0,0.0,False
husband,cold,True,29,rain-cold,6,512,256,256,256,0.0,30.0,72.0,72.0,72,104,0.28125,0.28125,57.65625,63.0,25397,0,0.0,False
husband,cold,True,30,rain-cold,6,512,256,256,256,0.0,30.0,72.0,72.0,72,104,0.28125,0.28125,57.65625,63.0,25397,0,0.0,False
husband,cold,True,31,rain-cold,6,512,256,256,256,0.0,30.0,72.0,72.0,72,104,0.28125,0.28125,57.65625,63.0,25397,0,0.0,False
husband,cold,True,32,rain-cold,11,768,512,256,256,0.0,30.0,72.0,72.0,72,104,0.28125,0.28125,56.53125,63.84375,26350,0,0.0,False
husband,cold,True,33,rain-cold,11,768,512,256,256,0.0,30.0,72.0,72.0,72,104,0.28125,0.28125,56.53125,63.84375,26350,0,0.0,False
husband,cold,True,34,rain-cold,11,768,512,256,256,0.0,30.0,72.0,72.0,72,104,0.28125,0.28125,56.53125,63.84375,26350,0,0.0,False
husband,cold,True,35,rain-cold,11,768,512,256,256,0.0,30.0,72.0,72.0,72,104,0.28125,0.28125,56.53125,63.84375,26350,0,0.0,False
husband,cold,True,36,rain-cold,7,768,256,256,256,0.0,30.0,72.0,72.0,72,104,0.28125,0.28125,54.84375,64.125,21590,0,0.0,False
husband,cold,True,37,rain-cold,7,768,256,256,256,0.0,30.0,72.0,72.0,72,104,0.28125,0.28125,54.84375,64.125,21590,0,0.0,False
husband,cold,True,38,rain-cold,7,768,256,256,256,0.0,30.0,72.0,72.0,72,104,0.28125,0.28125,54.84375,64.125,21590,0,0.0,False
husband,cold,True,39,rain-cold,0,0,0,256,256,0.0,30.0,72.0,72.0,72,104,0.28125,0.28125,56.53125,64.96875,22778,0,0.0,False
husband,cold,True,40,weather-cold,9,256,512,256,256,-14.439999999999998,1.1200000000000045,100.88,100.88,72,104,0.3940625,0.3940625,100.88,100.88,27650,4202,15.197106690777577,False
husband,cold,True,41,weather-cold,9,256,512,256,256,-14.439999999999998,1.1200000000000045,100.88,100.88,72,104,0.3940625,0.3940625,100.88,100.88,27650,4202,15.197106690777577,False
husband,cold,True,42,peeking,0,0,0,512,512,0,0,38.0,44.0,38,44,0.07421875,0.0859375,28.9453125,42.453125,117348,0,0.0,True
husband,cold,True,43,peeking,1,512,0,512,512,0,0,38.0,44.0,38,44,0.07421875,0.0859375,28.9453125,42.453125,117316,0,0.0,True
husband,cold,True,44,rain-cold,5,256,256,256,256,0.0,30.0,72.0,72.0,72,104,0.28125,0.28125,56.8125,65.8125,24238,0,0.0,False
husband,cold,True,45,rain-cold,5,256,256,256,256,0.0,30.0,72.0,72.0,72,104,0.28125,0.28125,56.8125,65.8125,24238,0,0.0,False
husband,cold,True,46,rain-cold,11,768,512,256,256,0.0,30.0,72.0,72.0,72,104,0.28125,0.28125,56.53125,63.84375,26350,0,0.0,False
husband,cold,True,47,rain-cold,9,256,512,256,256,0.0,30.0,72.0,72.0,72,104,0.28125,0.28125,55.96875,60.75,23788,0,0.0,False
husband,cold,True,48,rain-cold,9,256,512,256,256,0.0,30.0,72.0,72.0,72,104,0.28125,0.28125,55.96875,60.75,23788,0,0.0,False
husband,cold,True,49,rain-cold,6,512,256,256,256,0.0,30.0,72.0,72.0,72,104,0.28125,0.28125,57.65625,63.0,25397,0,0.0,False
husband,cold,True,50,rain-cold,6,512,256,256,256,0.0,30.0,72.0,72.0,72,104,0.28125,0.28125,57.65625,63.0,25397,0,0.0,False
husband,cold,True,51,rain-cold,9,256,512,256,256,0.0,30.0,72.0,72.0,72,104,0.28125,0.28125,55.96875,60.75,23788,0,0.0,False
husband,cold,True,52,rain-cold,0,0,0,256,256,0.0,30.0,72.0,72.0,72,104,0.28125,0.28125,56.53125,64.96875,22778,0,0.0,False
husband,cold,True,53,rain-cold,5,256,256,256,256,0.0,30.0,72.0,72.0,72,104,0.28125,0.28125,56.8125,65.8125,24238,0,0.0,False
husband,cold,True,54,rain-cold,5,256,256,256,256,0.0,30.0,72.0,72.0,72,104,0.28125,0.28125,56.8125,65.8125,24238,0,0.0,False
husband,cold,True,55,rain-cold,0,0,0,256,256,0.0,30.0,72.0,72.0,72,104,0.28125,0.28125,56.53125,64.96875,22778,0,0.0,False
husband,cold,True,56,rain-cold,0,0,0,256,256,0.0,30.0,72.0,72.0,72,104,0.28125,0.28125,56.53125,64.96875,22778,0,0.0,False
husband,cold,True,57,rain-cold,10,512,512,256,256,0.0,30.0,72.0,72.0,72,104,0.28125,0.28125,57.65625,65.53125,24675,0,0.0,False
husband,cold,True,58,rain-cold,10,512,512,256,256,0.0,30.0,72.0,72.0,72,104,0.28125,0.28125,57.65625,65.53125,24675,0,0.0,False
husband,cold,True,59,rain-cold,1,256,0,256,256,0.0,30.0,72.0,72.0,72,104,0.28125,0.28125,56.53125,64.6875,22624,0,0.0,False
husband,cold,True,60,rain-cold,2,512,0,256,256,0.0,30.0,72.0,72.0,72,104,0.28125,0.28125,56.8125,64.96875,22546,0,0.0,False
husband,cold,True,61,rain-cold,3,768,0,256,256,0.0,30.0,72.0,72.0,72,104,0.28125,0.28125,54.5625,64.6875,21476,0,0.0,False
husband,cold,True,62,rain-cold,2,512,0,256,256,0.0,30.0,72.0,72.0,72,104,0.28125,0.28125,56.8125,64.96875,22546,0,0.0,False
husband,cold,True,63,rain-cold,3,768,0,256,256,0.0,30.0,72.0,72.0,72,104,0.28125,0.28125,54.5625,64.6875,21476,0,0.0,False
husband,hot,False,0,weather-hot,2,512,0,256,256,-14.439999999999998,1.1200000000000045,100.88,100.88,72,104,0.3940625,0.3940625,50.44,96.939375,20366,0,0.0,False
husband,hot,False,1,weather-hot,3,768,0,256,256,-14.439999999999998,1.1200000000000045,100.88,100.88,72,104,0.3940625,0.3940625,54.380624999999995,97.3334375,20341,0,0.0,False
husband,hot,False,2,weather-hot,2,512,0,256,256,-14.439999999999998,1.1200000000000045,100.88,100.88,72,104,0.3940625,0.3940625,50.44,96.939375,20366,0,0.0,False
husband,hot,False,3,weather-hot,3,768,0,256,256,-14.439999999999998,1.1200000000000045,100.88,100.88,72,104,0.3940625,0.3940625,54.380624999999995,97.3334375,20341,0,0.0,False
husband,hot,False,4,weather-hot,0,0,0,256,256,-14.439999999999998,1.1200000000000045,100.88,100.88,72,104,0.3940625,0.3940625,50.834062499999995,96.939375,20745,0,0.0,False
husband,hot,False,5,weather-hot,1,256,0,256,256,-14.439999999999998,1.1200000000000045,100.88,100.88,72,104,0.3940625,0.3940625,50.44,95.7571875,20493,0,0.0,False
husband,hot,False,6,weather-hot,1,256,0,256,256,-14.439999999999998,1.1200000000000045,100.88,100.88,72,104,0.3940625,0.3940625,50.44,95.7571875,20493,0,0.0,False
husband,hot,False,7,weather-hot,0,0,0,256,256,-14.439999999999998,1.1200000000000045,100.88,100.88,72,104,0.3940625,0.3940625,50.834062499999995,96.939375,20745,0,0.0,False
husband,hot,False,8,weather-hot,8,0,512,256,256,-14.439999999999998,1.1200000000000045,100.88,100.88,72,104,0.3940625,0.3940625,81.965,100.88,25699,1894,7.369936573407526,False
husband,hot,False,9,weather-hot,8,0,512,256,256,-14.439999999999998,1.1200000000000045,100.88,100.88,72,104,0.3940625,0.3940625,81.965,100.88,25699,1894,7.369936573407526,False
husband,hot,False,10,weather-hot,8,0,512,256,256,-14.439999999999998,1.1200000000000045,100.88,100.88,72,104,0.3940625,0.3940625,81.965,100.88,25699,1894,7.369936573407526,False
husband,hot,False,11,weather-hot,8,0,512,256,256,-14.439999999999998,1.1200000000000045,100.88,100.88,72,104,0.3940625,0.3940625,81.965,100.88,25699,1894,7.369936573407526,False
husband,hot,False,12,weather-hot,5,256,256,256,256,-14.439999999999998,1.1200000000000045,100.88,100.88,72,104,0.3940625,0.3940625,59.897499999999994,100.88,23318,0,0.0,False
husband,hot,False,13,weather-hot,5,256,256,256,256,-14.439999999999998,1.1200000000000045,100.88,100.88,72,104,0.3940625,0.3940625,59.897499999999994,100.88,23318,0,0.0,False
husband,hot,False,14,weather-hot,5,256,256,256,256,-14.439999999999998,1.1200000000000045,100.88,100.88,72,104,0.3940625,0.3940625,59.897499999999994,100.88,23318,0,0.0,False
husband,hot,False,15,weather-hot,0,0,0,256,256,-14.439999999999998,1.1200000000000045,100.88,100.88,72,104,0.3940625,0.3940625,50.834062499999995,96.939375,20745,0,0.0,False
husband,hot,False,16,weather-hot,0,0,0,256,256,-14.439999999999998,1.1200000000000045,100.88,100.88,72,104,0.3940625,0.3940625,50.834062499999995,96.939375,20745,0,0.0,False
husband,hot,False,17,weather-hot,0,0,0,256,256,-14.439999999999998,1.1200000000000045,100.88,100.88,72,104,0.3940625,0.3940625,50.834062499999995,96.939375,20745,0,0.0,False
husband,hot,False,18,weather-hot,0,0,0,256,256,-14.439999999999998,1.1200000000000045,100.88,100.88,72,104,0.3940625,0.3940625,50.834062499999995,96.939375,20745,0,0.0,False
husband,hot,False,19,weather-hot,0,0,0,256,256,-14.439999999999998,1.1200000000000045,100.88,100.88,72,104,0.3940625,0.3940625,50.834062499999995,96.939375,20745,0,0.0,False
husband,hot,False,20,weather-hot,10,512,512,256,256,-14.439999999999998,1.1200000000000045,100.88,100.88,72,104,0.3940625,0.3940625,81.965,100.88,23334,988,4.234164738150339,False
husband,hot,False,21,weather-hot,10,512,512,256,256,-14.439999999999998,1.1200000000000045,100.88,100.88,72,104,0.3940625,0.3940625,81.965,100.88,23334,988,4.234164738150339,False
husband,hot,False,22,weather-hot,10,512,512,256,256,-14.439999999999998,1.1200000000000045,100.88,100.88,72,104,0.3940625,0.3940625,81.965,100.88,23334,988,4.234164738150339,False
husband,hot,False,23,weather-hot,8,0,512,256,256,-14.439999999999998,1.1200000000000045,100.88,100.88,72,104,0.3940625,0.3940625,81.965,100.88,25699,1894,7.369936573407526,False
husband,hot,False,24,weather-hot,4,0,256,256,256,-14.439999999999998,1.1200000000000045,100.88,100.88,72,104,0.3940625,0.3940625,51.622187499999995,100.88,21174,0,0.0,False
husband,hot,False,25,weather-hot,4,0,256,256,256,-14.439999999999998,1.1200000000000045,100.88,100.88,72,104,0.3940625,0.3940625,51.622187499999995,100.88,21174,0,0.0,False
husband,hot,False,26,weather-hot,4,0,256,256,256,-14.439999999999998,1.1200000000000045,100.88,100.88,72,104,0.3940625,0.3940625,51.622187499999995,100.88,21174,0,0.0,False
husband,hot,False,27,weather-hot,4,0,256,256,256,-14.439999999999998,1.1200000000000045,100.88,100.88,72,104,0.3940625,0.3940625,51.622187499999995,100.88,21174,0,0.0,False
husband,hot,False,28,weather-hot,6,512,256,256,256,-14.439999999999998,1.1200000000000045,100.88,100.88,72,104,0.3940625,0.3940625,67.3846875,100.88,21381,0,0.0,False
husband,hot,False,29,weather-hot,6,512,256,256,256,-14.439999999999998,1.1200000000000045,100.88,100.88,72,104,0.3940625,0.3940625,67.3846875,100.88,21381,0,0.0,False
husband,hot,False,30,weather-hot,6,512,256,256,256,-14.439999999999998,1.1200000000000045,100.88,100.88,72,104,0.3940625,0.3940625,67.3846875,100.88,21381,0,0.0,False
husband,hot,False,31,weather-hot,6,512,256,256,256,-14.439999999999998,1.1200000000000045,100.88,100.88,72,104,0.3940625,0.3940625,67.3846875,100.88,21381,0,0.0,False
husband,hot,False,32,weather-hot,11,768,512,256,256,-14.439999999999998,1.1200000000000045,100.88,100.88,72,104,0.3940625,0.3940625,89.84625,100.88,22276,314,1.4095887951158197,False
husband,hot,False,33,weather-hot,11,768,512,256,256,-14.439999999999998,1.1200000000000045,100.88,100.88,72,104,0.3940625,0.3940625,89.84625,100.88,22276,314,1.4095887951158197,False
husband,hot,False,34,weather-hot,11,768,512,256,256,-14.439999999999998,1.1200000000000045,100.88,100.88,72,104,0.3940625,0.3940625,89.84625,100.88,22276,314,1.4095887951158197,False
husband,hot,False,35,weather-hot,11,768,512,256,256,-14.439999999999998,1.1200000000000045,100.88,100.88,72,104,0.3940625,0.3940625,89.84625,100.88,22276,314,1.4095887951158197,False
husband,hot,False,36,weather-hot,7,768,256,256,256,-14.439999999999998,1.1200000000000045,100.88,100.88,72,104,0.3940625,0.3940625,74.08375,100.88,22055,685,3.1058716844253005,False
husband,hot,False,37,weather-hot,7,768,256,256,256,-14.439999999999998,1.1200000000000045,100.88,100.88,72,104,0.3940625,0.3940625,74.08375,100.88,22055,685,3.1058716844253005,False
husband,hot,False,38,weather-hot,7,768,256,256,256,-14.439999999999998,1.1200000000000045,100.88,100.88,72,104,0.3940625,0.3940625,74.08375,100.88,22055,685,3.1058716844253005,False
husband,hot,False,39,weather-hot,0,0,0,256,256,-14.439999999999998,1.1200000000000045,100.88,100.88,72,104,0.3940625,0.3940625,50.834062499999995,96.939375,20745,0,0.0,False
husband,hot,False,40,weather-hot,9,256,512,256,256,-14.439999999999998,1.1200000000000045,100.88,100.88,72,104,0.3940625,0.3940625,88.27,100.88,24856,553,2.224814934019955,False
husband,hot,False,41,weather-hot,9,256,512,256,256,-14.439999999999998,1.1200000000000045,100.88,100.88,72,104,0.3940625,0.3940625,88.27,100.88,24856,553,2.224814934019955,False
husband,hot,False,42,peeking,0,0,0,512,512,0,0,38.0,44.0,38,44,0.07421875,0.0859375,28.9453125,42.453125,117348,0,0.0,True
husband,hot,False,43,peeking,1,512,0,512,512,0,0,38.0,44.0,38,44,0.07421875,0.0859375,28.9453125,42.453125,117316,0,0.0,True
husband,hot,False,44,cooling,0,0,0,384,512,-1.8299999999999983,1.1200000000000045,75.66,100.88,72,104,0.19703125,0.19703125,40.5884375,89.84625,59156,0,0.0,False
husband,hot,False,45,cooling,1,384,0,384,512,-1.8299999999999983,1.1200000000000045,75.66,100.88,72,104,0.19703125,0.19703125,49.651875,89.4521875,61005,0,0.0,False
husband,hot,False,46,cooling,2,768,0,384,512,-1.8299999999999983,1.1200000000000045,75.66,100.88,72,104,0.19703125,0.19703125,54.18359375,76.25109375,62425,0,0.0,False
husband,hot,False,47,cooling,3,1152,0,384,512,-1.8299999999999983,1.1200000000000045,75.66,100.88,72,104,0.19703125,0.19703125,60.685624999999995,74.08375,62716,0,0.0,False
husband,hot,False,48,weather-hot,9,256,512,256,256,-14.439999999999998,1.1200000000000045,100.88,100.88,72,104,0.3940625,0.3940625,88.27,100.88,24856,553,2.224814934019955,False
husband,hot,False,49,weather-hot,6,512,256,256,256,-14.439999999999998,1.1200000000000045,100.88,100.88,72,104,0.3940625,0.3940625,67.3846875,100.88,21381,0,0.0,False
husband,hot,False,50,weather-hot,6,512,256,256,256,-14.439999999999998,1.1200000000000045,100.88,100.88,72,104,0.3940625,0.3940625,67.3846875,100.88,21381,0,0.0,False
husband,hot,False,51,weather-hot,9,256,512,256,256,-14.439999999999998,1.1200000000000045,100.88,100.88,72,104,0.3940625,0.3940625,88.27,100.88,24856,553,2.224814934019955,False
husband,hot,False,52,weather-hot,0,0,0,256,256,-14.439999999999998,1.1200000000000045,100.88,100.88,72,104,0.3940625,0.3940625,50.834062499999995,96.939375,20745,0,0.0,False
husband,hot,False,53,weather-hot,5,256,256,256,256,-14.439999999999998,1.1200000000000045,100.88,100.88,72,104,0.3940625,0.3940625,59.897499999999994,100.88,23318,0,0.0,False
husband,hot,False,54,weather-hot,5,256,256,256,256,-14.439999999999998,1.1200000000000045,100.88,100.88,72,104,0.3940625,0.3940625,59.897499999999994,100.88,23318,0,0.0,False
husband,hot,False,55,weather-hot,0,0,0,256,256,-14.439999999999998,1.1200000000000045,100.88,100.88,72,104,0.3940625,0.3940625,50.834062499999995,96.939375,20745,0,0.0,False
husband,hot,False,56,weather-hot,0,0,0,256,256,-14.439999999999998,1.1200000000000045,100.88,100.88,72,104,0.3940625,0.3940625,50.834062499999995,96.939375,20745,0,0.0,False
husband,hot,False,57,weather-hot,10,512,512,256,256,-14.439999999999998,1.1200000000000045,100.88,100.88,72,104,0.3940625,0.3940625,81.965,100.88,23334,988,4.234164738150339,False
husband,hot,False,58,weather-hot,10,512,512,256,256,-14.439999999999998,1.1200000000000045,100.88,100.88,72,104,0.3940625,0.3940625,81.965,100.88,23334,988,4.234164738150339,False
husband,hot,False,59,weather-hot,1,256,0,256,256,-14.439999999999998,1.1200000000000045,100.88,100.88,72,104,0.3940625,0.3940625,50.44,95.7571875,20493,0,0.0,False
husband,hot,False,60,weather-hot,2,512,0,256,256,-14.439999999999998,1.1200000000000045,100.88,100.88,72,104,0.3940625,0.3940625,50.44,96.939375,20366,0,0.0,False
husband,hot,False,61,weather-hot,3,768,0,256,256,-14.439999999999998,1.1200000000000045,100.88,100.88,72,104,0.3940625,0.3940625,54.380624999999995,97.3334375,20341,0,0.0,False
husband,hot,False,62,weather-hot,2,512,0,256,256,-14.439999999999998,1.1200000000000045,100.88,100.88,72,104,0.3940625,0.3940625,50.44,96.939375,20366,0,0.0,False
husband,hot,False,63,weather-hot,3,768,0,256,256,-14.439999999999998,1.1200000000000045,100.88,100.88,72,104,0.3940625,0.3940625,54.380624999999995,97.3334375,20341,0,0.0,False
husband,hot,True,0,rain-hot,2,512,0,256,256,0.0,30.0,72.0,72.0,72,104,0.28125,0.28125,56.8125,64.6875,21524,0,0.0,False
husband,hot,True,1,rain-hot,3,768,0,256,256,0.0,30.0,72.0,72.0,72,104,0.28125,0.28125,54.5625,64.40625,20564,0,0.0,False
husband,hot,True,2,rain-hot,2,512,0,256,256,0.0,30.0,72.0,72.0,72,104,0.28125,0.28125,56.8125,64.6875,21524,0,0.0,False
husband,hot,True,3,rain-hot,3,768,0,256,256,0.0,30.0,72.0,72.0,72,104,0.28125,0.28125,54.5625,64.40625,20564,0,0.0,False
husband,hot,True,4,rain-hot,0,0,0,256,256,0.0,30.0,72.0,72.0,72,104,0.28125,0.28125,56.53125,64.96875,21614,0,0.0,False
husband,hot,True,5,rain-hot,1,256,0,256,256,0.0,30.0,72.0,72.0,72,104,0.28125,0.28125,56.53125,64.6875,21682,0,0.0,False
husband,hot,True,6,rain-hot,1,256,0,256,256,0.0,30.0,72.0,72.0,72,104,0.28125,0.28125,56.53125,64.6875,21682,0,0.0,False
husband,hot,True,7,rain-hot,0,0,0,256,256,0.0,30.0,72.0,72.0,72,104,0.28125,0.28125,56.53125,64.96875,21614,0,0.0,False
husband,hot,True,8,weather-hot,8,0,512,256,256,-14.439999999999998,1.1200000000000045,100.88,100.88,72,104,0.3940625,0.3940625,81.965,100.88,25699,1894,7.369936573407526,False
husband,hot,True,9,weather-hot,8,0,512,256,256,-14.439999999999998,1.1200000000000045,100.88,100.88,72,104,0.3940625,0.3940625,81.965,100.88,25699,1894,7.369936573407526,False
husband,hot,True,10,weather-hot,8,0,512,256,256,-14.439999999999998,1.1200000000000045,100.88,100.88,72,104,0.3940625,0.3940625,81.965,100.88,25699,1894,7.369936573407526,False
husband,hot,True,11,weather-hot,8,0,512,256,256,-14.439999999999998,1.1200000000000045,100.88,100.88,72,104,0.3940625,0.3940625,81.965,100.88,25699,1894,7.369936573407526,False
husband,hot,True,12,rain-hot,5,256,256,256,256,0.0,30.0,72.0,72.0,72,104,0.28125,0.28125,57.375,65.8125,23072,0,0.0,False
husband,hot,True,13,rain-hot,5,256,256,256,256,0.0,30.0,72.0,72.0,72,104,0.28125,0.28125,57.375,65.8125,23072,0,0.0,False
husband,hot,True,14,rain-hot,5,256,256,256,256,0.0,30.0,72.0,72.0,72,104,0.28125,0.28125,57.375,65.8125,23072,0,0.0,False
husband,hot,True,15,rain-hot,0,0,0,256,256,0.0,30.0,72.0,72.0,72,104,0.28125,0.28125,56.53125,64.96875,21614,0,0.0,False
husband,hot,True,16,rain-hot,0,0,0,256,256,0.0,30.0,72.0,72.0,72,104,0.28125,0.28125,56.53125,64.96875,21614,0,0.0,False
husband,hot,True,17,rain-hot,0,0,0,256,256,0.0,30.0,72.0,72.0,72,104,0.28125,0.28125,56.53125,64.96875,21614,0,0.0,False
husband,hot,True,18,rain-hot,0,0,0,256,256,0.0,30.0,72.0,72.0,72,104,0.28125,0.28125,56.53125,64.96875,21614,0,0.0,False
husband,hot,True,19,rain-hot,0,0,0,256,256,0.0,30.0,72.0,72.0,72,104,0.28125,0.28125,56.53125,64.96875,21614,0,0.0,False
husband,hot,True,20,rain-hot,10,512,512,256,256,0.0,30.0,72.0,72.0,72,104,0.28125,0.28125,57.65625,65.53125,23748,0,0.0,False
husband,hot,True,21,rain-hot,10,512,512,256,256,0.0,30.0,72.0,72.0,72,104,0.28125,0.28125,57.65625,65.53125,23748,0,0.0,False
husband,hot,True,22,rain-hot,10,512,512,256,256,0.0,30.0,72.0,72.0,72,104,0.28125,0.28125,57.65625,65.53125,23748,0,0.0,False
husband,hot,True,23,rain-hot,8,0,512,256,256,0.0,30.0,72.0,72.0,72,104,0.28125,0.28125,57.9375,65.8125,23722,0,0.0,False
husband,hot,True,24,rain-hot,4,0,256,256,256,0.0,30.0,72.0,72.0,72,104,0.28125,0.28125,57.09375,65.8125,22750,0,0.0,False
husband,hot,True,25,rain-hot,4,0,256,256,256,0.0,30.0,72.0,72.0,72,104,0.28125,0.28125,57.09375,65.8125,22750,0,0.0,False
husband,hot,True,26,rain-hot,4,0,256,256,256,0.0,30.0,72.0,72.0,72,104,0.28125,0.28125,57.09375,65.8125,22750,0,0.0,False
husband,hot,True,27,rain-hot,4,0,256,256,256,0.0,30.0,72.0,72.0,72,104,0.28125,0.28125,57.09375,65.8125,22750,0,0.0,False
husband,hot,True,28,rain-hot,6,512,256,256,256,0.0,30.0,72.0,72.0,72,104,0.28125,0.28125,57.375,62.71875,24568,0,0.0,False
husband,hot,True,29,rain-hot,6,512,256,256,256,0.0,30.0,72.0,72.0,72,104,0.28125,0.28125,57.375,62.71875,24568,0,0.0,False
husband,hot,True,30,rain-hot,6,512,256,256,256,0.0,30.0,72.0,72.0,72,104,0.28125,0.28125,57.375,62.71875,24568,0,0.0,False
husband,hot,True,31,rain-hot,6,512,256,256,256,0.0,30.0,72.0,72.0,72,104,0.28125,0.28125,57.375,62.71875,24568,0,0.0,False
husband,hot,True,32,rain-hot,11,768,512,256,256,0.0,30.0,72.0,72.0,72,104,0.28125,0.28125,56.53125,63.84375,25162,0,0.0,False
husband,hot,True,33,rain-hot,11,768,512,256,256,0.0,30.0,72.0,72.0,72,104,0.28125,0.28125,56.53125,63.84375,25162,0,0.0,False
husband,hot,True,34,rain-hot,11,768,512,256,256,0.0,30.0,72.0,72.0,72,104,0.28125,0.28125,56.53125,63.84375,25162,0,0.0,False
husband,hot,True,35,rain-hot,11,768,512,256,256,0.0,30.0,72.0,72.0,72,104,0.28125,0.28125,56.53125,63.84375,25162,0,0.0,False
husband,hot,True,36,rain-hot,7,768,256,256,256,0.0,30.0,72.0,72.0,72,104,0.28125,0.28125,54.5625,64.125,20961,0,0.0,False
husband,hot,True,37,rain-hot,7,768,256,256,256,0.0,30.0,72.0,72.0,72,104,0.28125,0.28125,54.5625,64.125,20961,0,0.0,False
husband,hot,True,38,rain-hot,7,768,256,256,256,0.0,30.0,72.0,72.0,72,104,0.28125,0.28125,54.5625,64.125,20961,0,0.0,False
husband,hot,True,39,rain-hot,0,0,0,256,256,0.0,30.0,72.0,72.0,72,104,0.28125,0.28125,56.53125,64.96875,21614,0,0.0,False
husband,hot,True,40,weather-hot,9,256,512,256,256,-14.439999999999998,1.1200000000000045,100.88,100.88,72,104,0.3940625,0.3940625,88.27,100.88,24856,553,2.224814934019955,False
husband,hot,True,41,weather-hot,9,256,512,256,256,-14.439999999999998,1.1200000000000045,100.88,100.88,72,104,0.3940625,0.3940625,88.27,100.88,24856,553,2.224814934019955,False
husband,hot,True,42,peeking,0,0,0,512,512,0,0,38.0,44.0,38,44,0.07421875,0.0859375,28.9453125,42.453125,117348,0,0.0,True
husband,hot,True,43,peeking,1,512,0,512,512,0,0,38.0,44.0,38,44,0.07421875,0.0859375,28.9453125,42.453125,117316,0,0.0,True
husband,hot,True,44,rain-hot,5,256,256,256,256,0.0,30.0,72.0,72.0,72,104,0.28125,0.28125,57.375,65.8125,23072,0,0.0,False
husband,hot,True,45,rain-hot,5,256,256,256,256,0.0,30.0,72.0,72.0,72,104,0.28125,0.28125,57.375,65.8125,23072,0,0.0,False
husband,hot,True,46,rain-hot,11,768,512,256,256,0.0,30.0,72.0,72.0,72,104,0.28125,0.28125,56.53125,63.84375,25162,0,0.0,False
husband,hot,True,47,rain-hot,9,256,512,256,256,0.0,30.0,72.0,72.0,72,104,0.28125,0.28125,55.96875,60.46875,23073,0,0.0,False
husband,hot,True,48,rain-hot,9,256,512,256,256,0.0,30.0,72.0,72.0,72,104,0.28125,0.28125,55.96875,60.46875,23073,0,0.0,False
husband,hot,True,49,rain-hot,6,512,256,256,256,0.0,30.0,72.0,72.0,72,104,0.28125,0.28125,57.375,62.71875,24568,0,0.0,False
husband,hot,True,50,rain-hot,6,512,256,256,256,0.0,30.0,72.0,72.0,72,104,0.28125,0.28125,57.375,62.71875,24568,0,0.0,False
husband,hot,True,51,rain-hot,9,256,512,256,256,0.0,30.0,72.0,72.0,72,104,0.28125,0.28125,55.96875,60.46875,23073,0,0.0,False
husband,hot,True,52,rain-hot,0,0,0,256,256,0.0,30.0,72.0,72.0,72,104,0.28125,0.28125,56.53125,64.96875,21614,0,0.0,False
husband,hot,True,53,rain-hot,5,256,256,256,256,0.0,30.0,72.0,72.0,72,104,0.28125,0.28125,57.375,65.8125,23072,0,0.0,False
husband,hot,True,54,rain-hot,5,256,256,256,256,0.0,30.0,72.0,72.0,72,104,0.28125,0.28125,57.375,65.8125,23072,0,0.0,False
husband,hot,True,55,rain-hot,0,0,0,256,256,0.0,30.0,72.0,72.0,72,104,0.28125,0.28125,56.53125,64.96875,21614,0,0.0,False
husband,hot,True,56,rain-hot,0,0,0,256,256,0.0,30.0,72.0,72.0,72,104,0.28125,0.28125,56.53125,64.96875,21614,0,0.0,False
husband,hot,True,57,rain-hot,10,512,512,256,256,0.0,30.0,72.0,72.0,72,104,0.28125,0.28125,57.65625,65.53125,23748,0,0.0,False
husband,hot,True,58,rain-hot,10,512,512,256,256,0.0,30.0,72.0,72.0,72,104,0.28125,0.28125,57.65625,65.53125,23748,0,0.0,False
husband,hot,True,59,rain-hot,1,256,0,256,256,0.0,30.0,72.0,72.0,72,104,0.28125,0.28125,56.53125,64.6875,21682,0,0.0,False
husband,hot,True,60,rain-hot,2,512,0,256,256,0.0,30.0,72.0,72.0,72,104,0.28125,0.28125,56.8125,64.6875,21524,0,0.0,False
husband,hot,True,61,rain-hot,3,768,0,256,256,0.0,30.0,72.0,72.0,72,104,0.28125,0.28125,54.5625,64.40625,20564,0,0.0,False
husband,hot,True,62,rain-hot,2,512,0,256,256,0.0,30.0,72.0,72.0,72,104,0.28125,0.28125,56.8125,64.6875,21524,0,0.0,False
husband,hot,True,63,rain-hot,3,768,0,256,256,0.0,30.0,72.0,72.0,72,104,0.28125,0.28125,54.5625,64.40625,20564,0,0.0,False
husband,night,False,0,weather-night,2,512,0,256,256,-14.439999999999998,1.1200000000000045,100.88,100.88,72,104,0.3940625,0.3940625,51.622187499999995,96.939375,20949,0,0.0,False
husband,night,False,1,weather-night,3,768,0,256,256,-14.439999999999998,1.1200000000000045,100.88,100.88,72,104,0.3940625,0.3940625,53.9865625,97.3334375,20562,0,0.0,False
husband,night,False,2,weather-night,2,512,0,256,256,-14.439999999999998,1.1200000000000045,100.88,100.88,72,104,0.3940625,0.3940625,51.622187499999995,96.939375,20949,0,0.0,False
husband,night,False,3,weather-night,3,768,0,256,256,-14.439999999999998,1.1200000000000045,100.88,100.88,72,104,0.3940625,0.3940625,53.9865625,97.3334375,20562,0,0.0,False
husband,night,False,4,weather-night,0,0,0,256,256,-14.439999999999998,1.1200000000000045,100.88,100.88,72,104,0.3940625,0.3940625,45.317187499999996,97.3334375,20088,0,0.0,False
husband,night,False,5,weather-night,1,256,0,256,256,-14.439999999999998,1.1200000000000045,100.88,100.88,72,104,0.3940625,0.3940625,45.317187499999996,97.3334375,20091,0,0.0,False
husband,night,False,6,weather-night,1,256,0,256,256,-14.439999999999998,1.1200000000000045,100.88,100.88,72,104,0.3940625,0.3940625,45.317187499999996,97.3334375,20091,0,0.0,False
husband,night,False,7,weather-night,0,0,0,256,256,-14.439999999999998,1.1200000000000045,100.88,100.88,72,104,0.3940625,0.3940625,45.317187499999996,97.3334375,20088,0,0.0,False
husband,night,False,8,weather-night,8,0,512,256,256,-14.439999999999998,1.1200000000000045,100.88,100.88,72,104,0.3940625,0.3940625,91.0284375,100.88,24659,1490,6.0424185895616205,False
husband,night,False,9,weather-night,8,0,512,256,256,-14.439999999999998,1.1200000000000045,100.88,100.88,72,104,0.3940625,0.3940625,91.0284375,100.88,24659,1490,6.0424185895616205,False
husband,night,False,10,weather-night,8,0,512,256,256,-14.439999999999998,1.1200000000000045,100.88,100.88,72,104,0.3940625,0.3940625,91.0284375,100.88,24659,1490,6.0424185895616205,False
husband,night,False,11,weather-night,8,0,512,256,256,-14.439999999999998,1.1200000000000045,100.88,100.88,72,104,0.3940625,0.3940625,91.0284375,100.88,24659,1490,6.0424185895616205,False
husband,night,False,12,weather-night,5,256,256,256,256,-14.439999999999998,1.1200000000000045,100.88,100.88,72,104,0.3940625,0.3940625,62.261874999999996,100.88,23158,0,0.0,False
husband,night,False,13,weather-night,5,256,256,256,256,-14.439999999999998,1.1200000000000045,100.88,100.88,72,104,0.3940625,0.3940625,62.261874999999996,100.88,23158,0,0.0,False
husband,night,False,14,weather-night,5,256,256,256,256,-14.439999999999998,1.1200000000000045,100.88,100.88,72,104,0.3940625,0.3940625,62.261874999999996,100.88,23158,0,0.0,False
husband,night,False,15,weather-night,0,0,0,256,256,-14.439999999999998,1.1200000000000045,100.88,100.88,72,104,0.3940625,0.3940625,45.317187499999996,97.3334375,20088,0,0.0,False
husband,night,False,16,weather-night,0,0,0,256,256,-14.439999999999998,1.1200000000000045,100.88,100.88,72,104,0.3940625,0.3940625,45.317187499999996,97.3334375,20088,0,0.0,False
husband,night,False,17,weather-night,0,0,0,256,256,-14.439999999999998,1.1200000000000045,100.88,100.88,72,104,0.3940625,0.3940625,45.317187499999996,97.3334375,20088,0,0.0,False
husband,night,False,18,weather-night,0,0,0,256,256,-14.439999999999998,1.1200000000000045,100.88,100.88,72,104,0.3940625,0.3940625,45.317187499999996,97.3334375,20088,0,0.0,False
husband,night,False,19,weather-night,0,0,0,256,256,-14.439999999999998,1.1200000000000045,100.88,100.88,72,104,0.3940625,0.3940625,45.317187499999996,97.3334375,20088,0,0.0,False
husband,night,False,20,weather-night,10,512,512,256,256,-14.439999999999998,1.1200000000000045,100.88,100.88,72,104,0.3940625,0.3940625,91.81656249999999,98.1215625,24739,1412,5.707587210477384,False
husband,night,False,21,weather-night,10,512,512,256,256,-14.439999999999998,1.1200000000000045,100.88,100.88,72,104,0.3940625,0.3940625,91.81656249999999,98.1215625,24739,1412,5.707587210477384,False
husband,night,False,22,weather-night,10,512,512,256,256,-14.439999999999998,1.1200000000000045,100.88,100.88,72,104,0.3940625,0.3940625,91.81656249999999,98.1215625,24739,1412,5.707587210477384,False
husband,night,False,23,weather-night,8,0,512,256,256,-14.439999999999998,1.1200000000000045,100.88,100.88,72,104,0.3940625,0.3940625,91.0284375,100.88,24659,1490,6.0424185895616205,False
husband,night,False,24,weather-night,4,0,256,256,256,-14.439999999999998,1.1200000000000045,100.88,100.88,72,104,0.3940625,0.3940625,46.499375,100.88,20234,0,0.0,False
husband,night,False,25,weather-night,4,0,256,256,256,-14.439999999999998,1.1200000000000045,100.88,100.88,72,104,0.3940625,0.3940625,46.499375,100.88,20234,0,0.0,False
husband,night,False,26,weather-night,4,0,256,256,256,-14.439999999999998,1.1200000000000045,100.88,100.88,72,104,0.3940625,0.3940625,46.499375,100.88,20234,0,0.0,False
husband,night,False,27,weather-night,4,0,256,256,256,-14.439999999999998,1.1200000000000045,100.88,100.88,72,104,0.3940625,0.3940625,46.499375,100.88,20234,0,0.0,False
husband,night,False,28,weather-night,6,512,256,256,256,-14.439999999999998,1.1200000000000045,100.88,100.88,72,104,0.3940625,0.3940625,58.715312499999996,100.88,19835,0,0.0,False
husband,night,False,29,weather-night,6,512,256,256,256,-14.439999999999998,1.1200000000000045,100.88,100.88,72,104,0.3940625,0.3940625,58.715312499999996,100.88,19835,0,0.0,False
husband,night,False,30,weather-night,6,512,256,256,256,-14.439999999999998,1.1200000000000045,100.88,100.88,72,104,0.3940625,0.3940625,58.715312499999996,100.88,19835,0,0.0,False
husband,night,False,31,weather-night,6,512,256,256,256,-14.439999999999998,1.1200000000000045,100.88,100.88,72,104,0.3940625,0.3940625,58.715312499999996,100.88,19835,0,0.0,False
husband,night,False,32,weather-night,11,768,512,256,256,-14.439999999999998,1.1200000000000045,100.88,100.88,72,104,0.3940625,0.3940625,92.210625,97.3334375,23395,736,3.145971361402009,False
husband,night,False,33,weather-night,11,768,512,256,256,-14.439999999999998,1.1200000000000045,100.88,100.88,72,104,0.3940625,0.3940625,92.210625,97.3334375,23395,736,3.145971361402009,False
husband,night,False,34,weather-night,11,768,512,256,256,-14.439999999999998,1.1200000000000045,100.88,100.88,72,104,0.3940625,0.3940625,92.210625,97.3334375,23395,736,3.145971361402009,False
husband,night,False,35,weather-night,11,768,512,256,256,-14.439999999999998,1.1200000000000045,100.88,100.88,72,104,0.3940625,0.3940625,92.210625,97.3334375,23395,736,3.145971361402009,False
husband,night,False,36,weather-night,7,768,256,256,256,-14.439999999999998,1.1200000000000045,100.88,100.88,72,104,0.3940625,0.3940625,64.62625,100.88,20543,0,0.0,False
husband,night,False,37,weather-night,7,768,256,256,256,-14.439999999999998,1.1200000000000045,100.88,100.88,72,104,0.3940625,0.3940625,64.62625,100.88,20543,0,0.0,False
husband,night,False,38,weather-night,7,768,256,256,256,-14.439999999999998,1.1200000000000045,100.88,100.88,72,104,0.3940625,0.3940625,64.62625,100.88,20543,0,0.0,False
husband,night,False,39,weather-night,0,0,0,256,256,-14.439999999999998,1.1200000000000045,100.88,100.88,72,104,0.3940625,0.3940625,45.317187499999996,97.3334375,20088,0,0.0,False
husband,night,False,40,weather-night,9,256,512,256,256,-14.439999999999998,1.1200000000000045,100.88,100.88,72,104,0.3940625,0.3940625,56.745,100.88,22744,0,0.0,False
husband,night,False,41,weather-night,9,256,512,256,256,-14.439999999999998,1.1200000000000045,100.88,100.88,72,104,0.3940625,0.3940625,56.745,100.88,22744,0,0.0,False
husband,night,False,42,peeking,0,0,0,512,512,0,0,38.0,44.0,38,44,0.07421875,0.0859375,28.9453125,42.453125,117348,0,0.0,True
husband,night,False,43,peeking,1,512,0,512,512,0,0,38.0,44.0,38,44,0.07421875,0.0859375,28.9453125,42.453125,117316,0,0.0,True
husband,night,False,44,cooling,0,0,0,384,512,-1.8299999999999983,1.1200000000000045,75.66,100.88,72,104,0.19703125,0.19703125,40.5884375,89.84625,59156,0,0.0,False
husband,night,False,45,cooling,1,384,0,384,512,-1.8299999999999983,1.1200000000000045,75.66,100.88,72,104,0.19703125,0.19703125,49.651875,89.4521875,61005,0,0.0,False
husband,night,False,46,cooling,2,768,0,384,512,-1.8299999999999983,1.1200000000000045,75.66,100.88,72,104,0.19703125,0.19703125,54.18359375,76.25109375,62425,0,0.0,False
husband,night,False,47,cooling,3,1152,0,384,512,-1.8299999999999983,1.1200000000000045,75.66,100.88,72,104,0.19703125,0.19703125,60.685624999999995,74.08375,62716,0,0.0,False
husband,night,False,48,weather-night,9,256,512,256,256,-14.439999999999998,1.1200000000000045,100.88,100.88,72,104,0.3940625,0.3940625,56.745,100.88,22744,0,0.0,False
husband,night,False,49,weather-night,6,512,256,256,256,-14.439999999999998,1.1200000000000045,100.88,100.88,72,104,0.3940625,0.3940625,58.715312499999996,100.88,19835,0,0.0,False
husband,night,False,50,weather-night,6,512,256,256,256,-14.439999999999998,1.1200000000000045,100.88,100.88,72,104,0.3940625,0.3940625,58.715312499999996,100.88,19835,0,0.0,False
husband,night,False,51,weather-night,9,256,512,256,256,-14.439999999999998,1.1200000000000045,100.88,100.88,72,104,0.3940625,0.3940625,56.745,100.88,22744,0,0.0,False
husband,night,False,52,weather-night,0,0,0,256,256,-14.439999999999998,1.1200000000000045,100.88,100.88,72,104,0.3940625,0.3940625,45.317187499999996,97.3334375,20088,0,0.0,False
husband,night,False,53,weather-night,5,256,256,256,256,-14.439999999999998,1.1200000000000045,100.88,100.88,72,104,0.3940625,0.3940625,62.261874999999996,100.88,23158,0,0.0,False
husband,night,False,54,weather-night,5,256,256,256,256,-14.439999999999998,1.1200000000000045,100.88,100.88,72,104,0.3940625,0.3940625,62.261874999999996,100.88,23158,0,0.0,False
husband,night,False,55,weather-night,0,0,0,256,256,-14.439999999999998,1.1200000000000045,100.88,100.88,72,104,0.3940625,0.3940625,45.317187499999996,97.3334375,20088,0,0.0,False
husband,night,False,56,weather-night,0,0,0,256,256,-14.439999999999998,1.1200000000000045,100.88,100.88,72,104,0.3940625,0.3940625,45.317187499999996,97.3334375,20088,0,0.0,False
husband,night,False,57,weather-night,10,512,512,256,256,-14.439999999999998,1.1200000000000045,100.88,100.88,72,104,0.3940625,0.3940625,91.81656249999999,98.1215625,24739,1412,5.707587210477384,False
husband,night,False,58,weather-night,10,512,512,256,256,-14.439999999999998,1.1200000000000045,100.88,100.88,72,104,0.3940625,0.3940625,91.81656249999999,98.1215625,24739,1412,5.707587210477384,False
husband,night,False,59,weather-night,1,256,0,256,256,-14.439999999999998,1.1200000000000045,100.88,100.88,72,104,0.3940625,0.3940625,45.317187499999996,97.3334375,20091,0,0.0,False
husband,night,False,60,weather-night,2,512,0,256,256,-14.439999999999998,1.1200000000000045,100.88,100.88,72,104,0.3940625,0.3940625,51.622187499999995,96.939375,20949,0,0.0,False
husband,night,False,61,weather-night,3,768,0,256,256,-14.439999999999998,1.1200000000000045,100.88,100.88,72,104,0.3940625,0.3940625,53.9865625,97.3334375,20562,0,0.0,False
husband,night,False,62,weather-night,2,512,0,256,256,-14.439999999999998,1.1200000000000045,100.88,100.88,72,104,0.3940625,0.3940625,51.622187499999995,96.939375,20949,0,0.0,False
husband,night,False,63,weather-night,3,768,0,256,256,-14.439999999999998,1.1200000000000045,100.88,100.88,72,104,0.3940625,0.3940625,53.9865625,97.3334375,20562,0,0.0,False
husband,night,True,0,rain-night,2,512,0,256,256,0.0,30.0,72.0,72.0,72,104,0.28125,0.28125,57.09375,64.96875,22156,0,0.0,False
husband,night,True,1,rain-night,3,768,0,256,256,0.0,30.0,72.0,72.0,72,104,0.28125,0.28125,54.5625,64.96875,21043,0,0.0,False
husband,night,True,2,rain-night,2,512,0,256,256,0.0,30.0,72.0,72.0,72,104,0.28125,0.28125,57.09375,64.96875,22156,0,0.0,False
husband,night,True,3,rain-night,3,768,0,256,256,0.0,30.0,72.0,72.0,72,104,0.28125,0.28125,54.5625,64.96875,21043,0,0.0,False
husband,night,True,4,rain-night,0,0,0,256,256,0.0,30.0,72.0,72.0,72,104,0.28125,0.28125,56.53125,65.25,22183,0,0.0,False
husband,night,True,5,rain-night,1,256,0,256,256,0.0,30.0,72.0,72.0,72,104,0.28125,0.28125,56.53125,64.96875,22204,0,0.0,False
husband,night,True,6,rain-night,1,256,0,256,256,0.0,30.0,72.0,72.0,72,104,0.28125,0.28125,56.53125,64.96875,22204,0,0.0,False
husband,night,True,7,rain-night,0,0,0,256,256,0.0,30.0,72.0,72.0,72,104,0.28125,0.28125,56.53125,65.25,22183,0,0.0,False
husband,night,True,8,weather-night,8,0,512,256,256,-14.439999999999998,1.1200000000000045,100.88,100.88,72,104,0.3940625,0.3940625,91.0284375,100.88,24659,1490,6.0424185895616205,False
husband,night,True,9,weather-night,8,0,512,256,256,-14.439999999999998,1.1200000000000045,100.88,100.88,72,104,0.3940625,0.3940625,91.0284375,100.88,24659,1490,6.0424185895616205,False
husband,night,True,10,weather-night,8,0,512,256,256,-14.439999999999998,1.1200000000000045,100.88,100.88,72,104,0.3940625,0.3940625,91.0284375,100.88,24659,1490,6.0424185895616205,False
husband,night,True,11,weather-night,8,0,512,256,256,-14.439999999999998,1.1200000000000045,100.88,100.88,72,104,0.3940625,0.3940625,91.0284375,100.88,24659,1490,6.0424185895616205,False
husband,night,True,12,rain-night,5,256,256,256,256,0.0,30.0,72.0,72.0,72,104,0.28125,0.28125,57.375,66.09375,23792,0,0.0,False
husband,night,True,13,rain-night,5,256,256,256,256,0.0,30.0,72.0,72.0,72,104,0.28125,0.28125,57.375,66.09375,23792,0,0.0,False
husband,night,True,14,rain-night,5,256,256,256,256,0.0,30.0,72.0,72.0,72,104,0.28125,0.28125,57.375,66.09375,23792,0,0.0,False
husband,night,True,15,rain-night,0,0,0,256,256,0.0,30.0,72.0,72.0,72,104,0.28125,0.28125,56.53125,65.25,22183,0,0.0,False
husband,night,True,16,rain-night,0,0,0,256,256,0.0,30.0,72.0,72.0,72,104,0.28125,0.28125,56.53125,65.25,22183,0,0.0,False
husband,night,True,17,rain-night,0,0,0,256,256,0.0,30.0,72.0,72.0,72,104,0.28125,0.28125,56.53125,65.25,22183,0,0.0,False
husband,night,True,18,rain-night,0,0,0,256,256,0.0,30.0,72.0,72.0,72,104,0.28125,0.28125,56.53125,65.25,22183,0,0.0,False
husband,night,True,19,rain-night,0,0,0,256,256,0.0,30.0,72.0,72.0,72,104,0.28125,0.28125,56.53125,65.25,22183,0,0.0,False
husband,night,True,20,rain-night,10,512,512,256,256,0.0,30.0,72.0,72.0,72,104,0.28125,0.28125,57.65625,65.8125,24558,0,0.0,False
husband,night,True,21,rain-night,10,512,512,256,256,0.0,30.0,72.0,72.0,72,104,0.28125,0.28125,57.65625,65.8125,24558,0,0.0,False
husband,night,True,22,rain-night,10,512,512,256,256,0.0,30.0,72.0,72.0,72,104,0.28125,0.28125,57.65625,65.8125,24558,0,0.0,False
husband,night,True,23,rain-night,8,0,512,256,256,0.0,30.0,72.0,72.0,72,104,0.28125,0.28125,57.9375,66.09375,24518,0,0.0,False
husband,night,True,24,rain-night,4,0,256,256,256,0.0,30.0,72.0,72.0,72,104,0.28125,0.28125,57.09375,66.375,23479,0,0.0,False
husband,night,True,25,rain-night,4,0,256,256,256,0.0,30.0,72.0,72.0,72,104,0.28125,0.28125,57.09375,66.375,23479,0,0.0,False
husband,night,True,26,rain-night,4,0,256,256,256,0.0,30.0,72.0,72.0,72,104,0.28125,0.28125,57.09375,66.375,23479,0,0.0,False
husband,night,True,27,rain-night,4,0,256,256,256,0.0,30.0,72.0,72.0,72,104,0.28125,0.28125,57.09375,66.375,23479,0,0.0,False
husband,night,True,28,rain-night,6,512,256,256,256,0.0,30.0,72.0,72.0,72,104,0.28125,0.28125,57.375,63.84375,25140,0,0.0,False
husband,night,True,29,rain-night,6,512,256,256,256,0.0,30.0,72.0,72.0,72,104,0.28125,0.28125,57.375,63.84375,25140,0,0.0,False
husband,night,True,30,rain-night,6,512,256,256,256,0.0,30.0,72.0,72.0,72,104,0.28125,0.28125,57.375,63.84375,25140,0,0.0,False
husband,night,True,31,rain-night,6,512,256,256,256,0.0,30.0,72.0,72.0,72,104,0.28125,0.28125,57.375,63.84375,25140,0,0.0,False
husband,night,True,32,rain-night,11,768,512,256,256,0.0,30.0,72.0,72.0,72,104,0.28125,0.28125,56.53125,64.40625,25674,0,0.0,False
husband,night,True,33,rain-night,11,768,512,256,256,0.0,30.0,72.0,72.0,72,104,0.28125,0.28125,56.53125,64.40625,25674,0,0.0,False
husband,night,True,34,rain-night,11,768,512,256,256,0.0,30.0,72.0,72.0,72,104,0.28125,0.28125,56.53125,64.40625,25674,0,0.0,False
husband,night,True,35,rain-night,11,768,512,256,256,0.0,30.0,72.0,72.0,72,104,0.28125,0.28125,56.53125,64.40625,25674,0,0.0,False
husband,night,True,36,rain-night,7,768,256,256,256,0.0,30.0,72.0,72.0,72,104,0.28125,0.28125,54.5625,64.96875,21427,0,0.0,False
husband,night,True,37,rain-night,7,768,256,256,256,0.0,30.0,72.0,72.0,72,104,0.28125,0.28125,54.5625,64.96875,21427,0,0.0,False
husband,night,True,38,rain-night,7,768,256,256,256,0.0,30.0,72.0,72.0,72,104,0.28125,0.28125,54.5625,64.96875,21427,0,0.0,False
husband,night,True,39,rain-night,0,0,0,256,256,0.0,30.0,72.0,72.0,72,104,0.28125,0.28125,56.53125,65.25,22183,0,0.0,False
husband,night,True,40,weather-night,9,256,512,256,256,-14.439999999999998,1.1200000000000045,100.88,100.88,72,104,0.3940625,0.3940625,56.745,100.88,22744,0,0.0,False
husband,night,True,41,weather-night,9,256,512,256,256,-14.439999999999998,1.1200000000000045,100.88,100.88,72,104,0.3940625,0.3940625,56.745,100.88,22744,0,0.0,False
husband,night,True,42,peeking,0,0,0,512,512,0,0,38.0,44.0,38,44,0.07421875,0.0859375,28.9453125,42.453125,117348,0,0.0,True
husband,night,True,43,peeking,1,512,0,512,512,0,0,38.0,44.0,38,44,0.07421875,0.0859375,28.9453125,42.453125,117316,0,0.0,True
husband,night,True,44,rain-night,5,256,256,256,256,0.0,30.0,72.0,72.0,72,104,0.28125,0.28125,57.375,66.09375,23792,0,0.0,False
husband,night,True,45,rain-night,5,256,256,256,256,0.0,30.0,72.0,72.0,72,104,0.28125,0.28125,57.375,66.09375,23792,0,0.0,False
husband,night,True,46,rain-night,11,768,512,256,256,0.0,30.0,72.0,72.0,72,104,0.28125,0.28125,56.53125,64.40625,25674,0,0.0,False
husband,night,True,47,rain-night,9,256,512,256,256,0.0,30.0,72.0,72.0,72,104,0.28125,0.28125,55.96875,61.03125,23492,0,0.0,False
husband,night,True,48,rain-night,9,256,512,256,256,0.0,30.0,72.0,72.0,72,104,0.28125,0.28125,55.96875,61.03125,23492,0,0.0,False
husband,night,True,49,rain-night,6,512,256,256,256,0.0,30.0,72.0,72.0,72,104,0.28125,0.28125,57.375,63.84375,25140,0,0.0,False
husband,night,True,50,rain-night,6,512,256,256,256,0.0,30.0,72.0,72.0,72,104,0.28125,0.28125,57.375,63.84375,25140,0,0.0,False
husband,night,True,51,rain-night,9,256,512,256,256,0.0,30.0,72.0,72.0,72,104,0.28125,0.28125,55.96875,61.03125,23492,0,0.0,False
husband,night,True,52,rain-night,0,0,0,256,256,0.0,30.0,72.0,72.0,72,104,0.28125,0.28125,56.53125,65.25,22183,0,0.0,False
husband,night,True,53,rain-night,5,256,256,256,256,0.0,30.0,72.0,72.0,72,104,0.28125,0.28125,57.375,66.09375,23792,0,0.0,False
husband,night,True,54,rain-night,5,256,256,256,256,0.0,30.0,72.0,72.0,72,104,0.28125,0.28125,57.375,66.09375,23792,0,0.0,False
husband,night,True,55,rain-night,0,0,0,256,256,0.0,30.0,72.0,72.0,72,104,0.28125,0.28125,56.53125,65.25,22183,0,0.0,False
husband,night,True,56,rain-night,0,0,0,256,256,0.0,30.0,72.0,72.0,72,104,0.28125,0.28125,56.53125,65.25,22183,0,0.0,False
husband,night,True,57,rain-night,10,512,512,256,256,0.0,30.0,72.0,72.0,72,104,0.28125,0.28125,57.65625,65.8125,24558,0,0.0,False
husband,night,True,58,rain-night,10,512,512,256,256,0.0,30.0,72.0,72.0,72,104,0.28125,0.28125,57.65625,65.8125,24558,0,0.0,False
husband,night,True,59,rain-night,1,256,0,256,256,0.0,30.0,72.0,72.0,72,104,0.28125,0.28125,56.53125,64.96875,22204,0,0.0,False
husband,night,True,60,rain-night,2,512,0,256,256,0.0,30.0,72.0,72.0,72,104,0.28125,0.28125,57.09375,64.96875,22156,0,0.0,False
husband,night,True,61,rain-night,3,768,0,256,256,0.0,30.0,72.0,72.0,72,104,0.28125,0.28125,54.5625,64.96875,21043,0,0.0,False
husband,night,True,62,rain-night,2,512,0,256,256,0.0,30.0,72.0,72.0,72,104,0.28125,0.28125,57.09375,64.96875,22156,0,0.0,False
husband,night,True,63,rain-night,3,768,0,256,256,0.0,30.0,72.0,72.0,72,104,0.28125,0.28125,54.5625,64.96875,21043,0,0.0,False
wife,default,False,0,wife-motion,0,37,12,191,326,9.786510263929621,12.517302052785922,52.42697947214076,89.48269794721408,72,104,0.2744868035190616,0.2744868035190616,52.42697947214076,89.48269794721408,39663,0,0.0,False
wife,default,False,1,wife-motion,1,286,13,188,325,10.198240469208212,12.79178885630499,51.603519061583576,89.20821114369501,72,104,0.2744868035190616,0.2744868035190616,51.603519061583576,89.20821114369501,39867,0,0.0,False
wife,default,False,2,wife-motion,2,541,13,191,325,9.786510263929621,12.79178885630499,52.42697947214076,89.20821114369501,72,104,0.2744868035190616,0.2744868035190616,52.42697947214076,89.20821114369501,39779,0,0.0,False
wife,default,False,3,wife-motion,3,795,13,185,325,10.609970674486803,12.79178885630499,50.780058651026394,89.20821114369501,72,104,0.2744868035190616,0.2744868035190616,50.780058651026394,89.20821114369501,39411,0,0.0,False
wife,default,False,4,wife-motion,4,36,346,189,336,10.060997067448682,9.772434017595316,51.87800586510264,92.22756598240468,72,104,0.2744868035190616,0.2744868035190616,51.87800586510264,92.22756598240468,41811,0,0.0,False
wife,default,False,5,wife-motion,5,291,346,189,336,10.060997067448682,9.772434017595316,51.87800586510264,92.22756598240468,72,104,0.2744868035190616,0.2744868035190616,51.87800586510264,92.22756598240468,41768,0,0.0,False
wife,default,False,6,wife-motion,6,547,346,189,336,10.060997067448682,9.772434017595316,51.87800586510264,92.22756598240468,72,104,0.2744868035190616,0.2744868035190616,51.87800586510264,92.22756598240468,41738,0,0.0,False
wife,default,False,7,wife-motion,7,803,346,188,336,10.198240469208212,9.772434017595316,51.603519061583576,92.22756598240468,72,104,0.2744868035190616,0.2744868035190616,51.603519061583576,92.22756598240468,41614,0,0.0,False
wife,default,False,8,wife-motion,8,11,682,240,318,3.061583577712611,14.713196480938421,65.87683284457478,87.28680351906158,72,104,0.2744868035190616,0.2744868035190616,65.87683284457478,87.28680351906158,40152,0,0.0,False
wife,default,False,9,wife-motion,9,258,682,249,308,1.8263929618768344,17.458064516129042,68.34721407624633,84.54193548387096,72,104,0.2744868035190616,0.2744868035190616,68.34721407624633,84.54193548387096,40174,0,0.0,False
wife,default,False,10,wife-motion,10,527,682,230,318,4.4340175953079175,14.713196480938421,63.131964809384165,87.28680351906158,72,104,0.2744868035190616,0.2744868035190616,63.131964809384165,87.28680351906158,41032,0,0.0,False
wife,default,False,11,wife-motion,11,802,682,184,324,10.747214076246337,13.066275659824043,50.505571847507326,88.93372434017596,72,104,0.2744868035190616,0.2744868035190616,50.505571847507326,88.93372434017596,37853,0,0.0,False
wife,default,False,12,wife-social,0,42,9,174,327,12.119648093841644,12.242815249266869,47.76070381231671,89.75718475073313,72,104,0.2744868035190616,0.2744868035190616,47.76070381231671,89.75718475073313,35436,0,0.0,False
wife,default,False,13,wife-social,1,293,9,187,327,10.335483870967742,12.242815249266869,51.329032258064515,89.75718475073313,72,104,0.2744868035190616,0.2744868035190616,51.329032258064515,89.75718475073313,37047,0,0.0,False
wife,default,False,14,wife-social,2,539,14,222,322,5.531964809384167,13.615249266862179,60.936070381231666,88.38475073313782,72,104,0.2744868035190616,0.2744868035190616,60.936070381231666,88.38475073313782,39154,0,0.0,False
wife,default,False,15,wife-social,3,808,13,180,323,11.296187683284458,13.340762463343111,49.407624633431084,88.65923753665689,72,104,0.2744868035190616,0.2744868035190616,49.407624633431084,88.65923753665689,36680,0,0.0,False
wife,default,False,16,wife-social,4,37,347,205,322,7.86510263929619,13.615249266862179,56.26979472140762,88.38475073313782,72,104,0.2744868035190616,0.2744868035190616,56.26979472140762,88.38475073313782,38080,0,0.0,False
wife,default,False,17,wife-social,5,277,347,226,322,4.982991202346042,13.615249266862179,62.034017595307915,88.38475073313782,72,104,0.2744868035190616,0.2744868035190616,62.034017595307915,88.38475073313782,37587,0,0.0,False
wife,default,False,18,wife-social,6,543,349,213,333,6.7671554252199435,10.59589442815249,58.46568914956011,91.40410557184751,72,104,0.2744868035190616,0.2744868035190616,58.46568914956011,91.40410557184751,36337,0,0.0,False
wife,default,False,19,wife-social,7,808,348,174,321,12.119648093841644,13.889736070381232,47.76070381231671,88.11026392961877,72,104,0.2744868035190616,0.2744868035190616,47.76070381231671,88.11026392961877,33032,0,0.0,False
wife,default,False,20,wife-social,8,32,682,218,326,6.080938416422288,12.517302052785922,59.83812316715542,89.48269794721408,72,104,0.2744868035190616,0.2744868035190616,59.83812316715542,89.48269794721408,38221,0,0.0,False
wife,default,False,21,wife-social,9,296,682,202,326,8.27683284457478,12.517302052785922,55.44633431085044,89.48269794721408,72,104,0.2744868035190616,0.2744868035190616,55.44633431085044,89.48269794721408,37995,0,0.0,False
wife,default,False,22,wife-social,10,552,682,172,327,12.394134897360704,12.242815249266869,47.21173020527859,89.75718475073313,72,104,0.2744868035190616,0.2744868035190616,47.21173020527859,89.75718475073313,36179,0,0.0,False
wife,default,False,23,wife-social,11,802,682,195,327,9.237536656891496,12.242815249266869,53.52492668621701,89.75718475073313,72,104,0.2744868035190616,0.2744868035190616,53.52492668621701,89.75718475073313,37666,0,0.0,False
wife,default,False,24,wife-personal,0,43,9,175,328,11.982404692082113,11.968328445747801,48.03519061583577,90.0316715542522,72,104,0.2744868035190616,0.2744868035190616,48.03519061583577,90.0316715542522,36510,0,0.0,False
wife,default,False,25,wife-personal,1,300,9,168,328,12.943108504398829,11.968328445747801,46.11378299120234,90.0316715542522,72,104,0.2744868035190616,0.2744868035190616,46.11378299120234,90.0316715542522,36078,0,0.0,False
wife,default,False,26,wife-personal,2,556,8,166,329,13.21759530791789,11.693841642228747,45.56480938416422,90.30615835777125,72,104,0.2744868035190616,0.2744868035190616,45.56480938416422,90.30615835777125,35929,0,0.0,False
wife,default,False,27,wife-personal,3,806,7,170,330,12.668621700879765,11.41935483870968,46.66275659824047,90.58064516129032,72,104,0.2744868035190616,0.2744868035190616,46.66275659824047,90.58064516129032,36282,0,0.0,False
wife,default,False,28,wife-personal,4,33,363,202,283,8.27683284457478,24.32023460410558,55.44633431085044,77.67976539589442,72,104,0.2744868035190616,0.2744868035190616,55.44633431085044,77.67976539589442,42357,0,0.0,False
wife,default,False,29,wife-personal,5,289,363,203,283,8.13958944281525,24.32023460410558,55.7208211143695,77.67976539589442,72,104,0.2744868035190616,0.2744868035190616,55.7208211143695,77.67976539589442,42481,0,0.0,False
wife,default,False,30,wife-personal,6,545,363,202,319,8.27683284457478,14.438709677419354,55.44633431085044,87.56129032258065,72,104,0.2744868035190616,0.2744868035190616,55.44633431085044,87.56129032258065,42404,0,0.0,False
wife,default,False,31,wife-personal,7,803,355,207,327,7.590615835777129,12.242815249266869,56.81876832844574,89.75718475073313,72,104,0.2744868035190616,0.2744868035190616,56.81876832844574,89.75718475073313,44635,0,0.0,False
wife,default,False,32,wife-personal,8,38,683,182,329,11.021700879765397,11.693841642228747,49.956598240469205,90.30615835777125,72,104,0.2744868035190616,0.2744868035190616,49.956598240469205,90.30615835777125,41269,0,0.0,False
wife,default,False,33,wife-personal,9,291,682,176,330,11.845161290322583,11.41935483870968,48.309677419354834,90.58064516129032,72,104,0.2744868035190616,0.2744868035190616,48.309677419354834,90.58064516129032,41331,0,0.0,False
wife,default,False,34,wife-personal,10,552,682,196,332,9.100293255131966,10.870381231671558,53.79941348973607,91.12961876832844,72,104,0.2744868035190616,0.2744868035190616,53.79941348973607,91.12961876832844,37795,0,0.0,False
wife,default,False,35,wife-personal,11,813,682,166,332,13.21759530791789,10.870381231671558,45.56480938416422,91.12961876832844,72,104,0.2744868035190616,0.2744868035190616,45.56480938416422,91.12961876832844,36183,0,0.0,False
wife,default,False,36,kiss,4,0,341,256,341,0.8656891495601187,8.400000000000006,70.26862170087976,93.6,72,104,0.2744868035190616,0.2744868035190616,56.54428152492668,89.20821114369501,36816,0,0.0,False
wife,default,False,37,kiss,5,256,341,256,341,0.8656891495601187,8.400000000000006,70.26862170087976,93.6,72,104,0.2744868035190616,0.2744868035190616,55.44633431085044,89.20821114369501,36008,0,0.0,False
wife,default,False,38,kiss,6,512,341,256,341,0.8656891495601187,8.400000000000006,70.26862170087976,93.6,72,104,0.2744868035190616,0.2744868035190616,54.62287390029325,89.20821114369501,35312,0,0.0,False
wife,default,False,39,kiss,7,768,341,256,341,0.8656891495601187,8.400000000000006,70.26862170087976,93.6,72,104,0.2744868035190616,0.2744868035190616,48.85865102639296,89.20821114369501,35208,0,0.0,False
wife,default,False,40,parachutes,4,512,512,512,512,-10.800000000000004,8.399999999999991,93.60000000000001,93.60000000000001,72,104,0.18281250000000002,0.18281250000000002,73.85625,89.57812500000001,104160,304,0.29185867895545314,False
wife,default,False,41,parachutes,5,1024,512,512,512,-10.800000000000004,8.399999999999991,93.60000000000001,93.60000000000001,72,104,0.18281250000000002,0.18281250000000002,67.09218750000001,90.1265625,101187,690,0.6819057784102701,False
wife,default,False,42,peeking,2,0,512,512,512,0,0,38.0,44.0,38,44,0.07421875,0.0859375,33.62109375,42.796875,160913,0,0.0,True
wife,default,False,43,peeking,3,512,512,512,512,0,0,38.0,44.0,38,44,0.07421875,0.0859375,33.62109375,42.796875,160918,0,0.0,True
wife,default,False,44,cooling,4,0,512,384,512,0.8999999999999986,8.399999999999991,70.2,93.60000000000001,72,104,0.18281250000000002,0.18281250000000002,47.53125000000001,84.09375000000001,74821,0,0.0,False
wife,default,False,45,cooling,5,384,512,384,512,0.8999999999999986,8.399999999999991,70.2,93.60000000000001,72,104,0.18281250000000002,0.18281250000000002,54.6609375,83.17968750000001,76657,0,0.0,False
wife,default,False,46,cooling,6,768,512,384,512,0.8999999999999986,8.399999999999991,70.2,93.60000000000001,72,104,0.18281250000000002,0.18281250000000002,52.8328125,72.9421875,77456,0,0.0,False
wife,default,False,47,cooling,7,1152,512,384,512,0.8999999999999986,8.399999999999991,70.2,93.60000000000001,72,104,0.18281250000000002,0.18281250000000002,55.20937500000001,71.8453125,81043,0,0.0,False
wife,default,False,48,wife-idle,0,0,0,256,384,4.800000000000001,8.400000000000006,62.4,93.6,72,104,0.24375,0.24375,45.09375,59.71875,31294,0,0.0,False
wife,default,False,49,wife-idle,1,256,0,256,384,4.800000000000001,8.400000000000006,62.4,93.6,72,104,0.24375,0.24375,40.70625,60.69375,29835,0,0.0,False
wife,default,False,50,wife-idle,2,512,0,256,384,4.800000000000001,8.400000000000006,62.4,93.6,72,104,0.24375,0.24375,41.68125,60.69375,30932,0,0.0,False
wife,default,False,51,wife-idle,3,768,0,256,384,4.800000000000001,8.400000000000006,62.4,93.6,72,104,0.24375,0.24375,42.65625,58.9875,31178,0,0.0,False
wife,default,False,52,wife-idle,4,0,384,256,384,4.800000000000001,8.400000000000006,62.4,93.6,72,104,0.24375,0.24375,39.975,79.70625,33703,0,0.0,False
wife,default,False,53,wife-idle,5,256,384,256,384,4.800000000000001,8.400000000000006,62.4,93.6,72,104,0.24375,0.24375,44.85,81.16875,33846,0,0.0,False
wife,default,False,54,wife-idle,6,512,384,256,384,4.800000000000001,8.400000000000006,62.4,93.6,72,104,0.24375,0.24375,42.4125,76.78125,32960,0,0.0,False
wife,default,False,55,wife-idle,7,768,384,256,384,4.800000000000001,8.400000000000006,62.4,93.6,72,104,0.24375,0.24375,41.4375,77.75625,32720,0,0.0,False
wife,default,False,56,wife-idle,8,0,768,256,384,4.800000000000001,8.400000000000006,62.4,93.6,72,104,0.24375,0.24375,39.0,79.21875,32567,0,0.0,False
wife,default,False,57,wife-idle,9,256,768,256,384,4.800000000000001,8.400000000000006,62.4,93.6,72,104,0.24375,0.24375,39.4875,79.70625,33074,0,0.0,False
wife,default,False,58,wife-idle,10,512,768,256,384,4.800000000000001,8.400000000000006,62.4,93.6,72,104,0.24375,0.24375,42.65625,78.975,32815,0,0.0,False
wife,default,False,59,wife-idle,11,768,768,256,384,4.800000000000001,8.400000000000006,62.4,93.6,72,104,0.24375,0.24375,39.731249999999996,79.70625,30848,0,0.0,False
wife,default,False,60,wife-idle,12,0,1152,256,384,4.800000000000001,8.400000000000006,62.4,93.6,72,104,0.24375,0.24375,42.4125,68.00625,30454,0,0.0,False
wife,default,False,61,wife-idle,13,256,1152,256,384,4.800000000000001,8.400000000000006,62.4,93.6,72,104,0.24375,0.24375,43.387499999999996,66.54375,28301,0,0.0,False
wife,default,False,62,wife-idle,14,512,1152,256,384,4.800000000000001,8.400000000000006,62.4,93.6,72,104,0.24375,0.24375,39.975,68.25,28620,0,0.0,False
wife,default,False,63,wife-idle,15,768,1152,256,384,4.800000000000001,8.400000000000006,62.4,93.6,72,104,0.24375,0.24375,41.68125,66.05624999999999,28298,0,0.0,False
wife,default,True,0,rain-default,14,512,768,256,256,0.0,30.0,72.0,72.0,72,104,0.28125,0.28125,57.9375,66.9375,25473,0,0.0,False
wife,default,True,1,rain-default,15,768,768,256,256,0.0,30.0,72.0,72.0,72,104,0.28125,0.28125,56.53125,65.53125,24321,0,0.0,False
wife,default,True,2,rain-default,14,512,768,256,256,0.0,30.0,72.0,72.0,72,104,0.28125,0.28125,57.9375,66.9375,25473,0,0.0,False
wife,default,True,3,rain-default,15,768,768,256,256,0.0,30.0,72.0,72.0,72,104,0.28125,0.28125,56.53125,65.53125,24321,0,0.0,False
wife,default,True,4,rain-default,12,0,768,256,256,0.0,30.0,72.0,72.0,72,104,0.28125,0.28125,57.375,66.09375,24638,0,0.0,False
wife,default,True,5,rain-default,13,256,768,256,256,0.0,30.0,72.0,72.0,72,104,0.28125,0.28125,57.09375,66.09375,24798,0,0.0,False
wife,default,True,6,rain-default,13,256,768,256,256,0.0,30.0,72.0,72.0,72,104,0.28125,0.28125,57.09375,66.09375,24798,0,0.0,False
wife,default,True,7,rain-default,12,0,768,256,256,0.0,30.0,72.0,72.0,72,104,0.28125,0.28125,57.375,66.09375,24638,0,0.0,False
wife,default,True,8,wife-motion,8,11,682,240,318,3.061583577712611,14.713196480938421,65.87683284457478,87.28680351906158,72,104,0.2744868035190616,0.2744868035190616,65.87683284457478,87.28680351906158,40152,0,0.0,False
wife,default,True,9,wife-motion,9,258,682,249,308,1.8263929618768344,17.458064516129042,68.34721407624633,84.54193548387096,72,104,0.2744868035190616,0.2744868035190616,68.34721407624633,84.54193548387096,40174,0,0.0,False
wife,default,True,10,wife-motion,10,527,682,230,318,4.4340175953079175,14.713196480938421,63.131964809384165,87.28680351906158,72,104,0.2744868035190616,0.2744868035190616,63.131964809384165,87.28680351906158,41032,0,0.0,False
wife,default,True,11,wife-motion,11,802,682,184,324,10.747214076246337,13.066275659824043,50.505571847507326,88.93372434017596,72,104,0.2744868035190616,0.2744868035190616,50.505571847507326,88.93372434017596,37853,0,0.0,False
wife,default,True,12,rain-default,17,256,1024,256,256,0.0,30.0,72.0,72.0,72,104,0.28125,0.28125,58.5,65.53125,25898,0,0.0,False
wife,default,True,13,rain-default,17,256,1024,256,256,0.0,30.0,72.0,72.0,72,104,0.28125,0.28125,58.5,65.53125,25898,0,0.0,False
wife,default,True,14,rain-default,17,256,1024,256,256,0.0,30.0,72.0,72.0,72,104,0.28125,0.28125,58.5,65.53125,25898,0,0.0,False
wife,default,True,15,rain-default,12,0,768,256,256,0.0,30.0,72.0,72.0,72,104,0.28125,0.28125,57.375,66.09375,24638,0,0.0,False
wife,default,True,16,rain-default,12,0,768,256,256,0.0,30.0,72.0,72.0,72,104,0.28125,0.28125,57.375,66.09375,24638,0,0.0,False
wife,default,True,17,rain-default,12,0,768,256,256,0.0,30.0,72.0,72.0,72,104,0.28125,0.28125,57.375,66.09375,24638,0,0.0,False
wife,default,True,18,rain-default,12,0,768,256,256,0.0,30.0,72.0,72.0,72,104,0.28125,0.28125,57.375,66.09375,24638,0,0.0,False
wife,default,True,19,rain-default,12,0,768,256,256,0.0,30.0,72.0,72.0,72,104,0.28125,0.28125,57.375,66.09375,24638,0,0.0,False
wife,default,True,20,rain-default,22,512,1280,256,256,0.0,30.0,72.0,72.0,72,104,0.28125,0.28125,58.21875,66.09375,26437,0,0.0,False
wife,default,True,21,rain-default,22,512,1280,256,256,0.0,30.0,72.0,72.0,72,104,0.28125,0.28125,58.21875,66.09375,26437,0,0.0,False
wife,default,True,22,rain-default,22,512,1280,256,256,0.0,30.0,72.0,72.0,72,104,0.28125,0.28125,58.21875,66.09375,26437,0,0.0,False
wife,default,True,23,rain-default,20,0,1280,256,256,0.0,30.0,72.0,72.0,72,104,0.28125,0.28125,57.65625,66.09375,26146,0,0.0,False
wife,default,True,24,rain-default,16,0,1024,256,256,0.0,30.0,72.0,72.0,72,104,0.28125,0.28125,58.21875,65.53125,26296,0,0.0,False
wife,default,True,25,rain-default,16,0,1024,256,256,0.0,30.0,72.0,72.0,72,104,0.28125,0.28125,58.21875,65.53125,26296,0,0.0,False
wife,default,True,26,rain-default,16,0,1024,256,256,0.0,30.0,72.0,72.0,72,104,0.28125,0.28125,58.21875,65.53125,26296,0,0.0,False
wife,default,True,27,rain-default,16,0,1024,256,256,0.0,30.0,72.0,72.0,72,104,0.28125,0.28125,58.21875,65.53125,26296,0,0.0,False
wife,default,True,28,rain-default,18,512,1024,256,256,0.0,30.0,72.0,72.0,72,104,0.28125,0.28125,58.5,62.4375,27033,0,0.0,False
wife,default,True,29,rain-default,18,512,1024,256,256,0.0,30.0,72.0,72.0,72,104,0.28125,0.28125,58.5,62.4375,27033,0,0.0,False
wife,default,True,30,rain-default,18,512,1024,256,256,0.0,30.0,72.0,72.0,72,104,0.28125,0.28125,58.5,62.4375,27033,0,0.0,False
wife,default,True,31,rain-default,18,512,1024,256,256,0.0,30.0,72.0,72.0,72,104,0.28125,0.28125,58.5,62.4375,27033,0,0.0,False
wife,default,True,32,rain-default,23,768,1280,256,256,0.0,30.0,72.0,72.0,72,104,0.28125,0.28125,58.21875,65.53125,28576,0,0.0,False
wife,default,True,33,rain-default,23,768,1280,256,256,0.0,30.0,72.0,72.0,72,104,0.28125,0.28125,58.21875,65.53125,28576,0,0.0,False
wife,default,True,34,rain-default,23,768,1280,256,256,0.0,30.0,72.0,72.0,72,104,0.28125,0.28125,58.21875,65.53125,28576,0,0.0,False
wife,default,True,35,rain-default,23,768,1280,256,256,0.0,30.0,72.0,72.0,72,104,0.28125,0.28125,58.21875,65.53125,28576,0,0.0,False
wife,default,True,36,rain-default,19,768,1024,256,256,0.0,30.0,72.0,72.0,72,104,0.28125,0.28125,58.5,65.53125,24633,0,0.0,False
wife,default,True,37,rain-default,19,768,1024,256,256,0.0,30.0,72.0,72.0,72,104,0.28125,0.28125,58.5,65.53125,24633,0,0.0,False
wife,default,True,38,rain-default,19,768,1024,256,256,0.0,30.0,72.0,72.0,72,104,0.28125,0.28125,58.5,65.53125,24633,0,0.0,False
wife,default,True,39,rain-default,12,0,768,256,256,0.0,30.0,72.0,72.0,72,104,0.28125,0.28125,57.375,66.09375,24638,0,0.0,False
wife,default,True,40,parachutes,4,512,512,512,512,-10.800000000000004,8.399999999999991,93.60000000000001,93.60000000000001,72,104,0.18281250000000002,0.18281250000000002,73.85625,89.57812500000001,104160,304,0.29185867895545314,False
wife,default,True,41,parachutes,5,1024,512,512,512,-10.800000000000004,8.399999999999991,93.60000000000001,93.60000000000001,72,104,0.18281250000000002,0.18281250000000002,67.09218750000001,90.1265625,101187,690,0.6819057784102701,False
wife,default,True,42,peeking,2,0,512,512,512,0,0,38.0,44.0,38,44,0.07421875,0.0859375,33.62109375,42.796875,160913,0,0.0,True
wife,default,True,43,peeking,3,512,512,512,512,0,0,38.0,44.0,38,44,0.07421875,0.0859375,33.62109375,42.796875,160918,0,0.0,True
wife,default,True,44,rain-default,17,256,1024,256,256,0.0,30.0,72.0,72.0,72,104,0.28125,0.28125,58.5,65.53125,25898,0,0.0,False
wife,default,True,45,rain-default,17,256,1024,256,256,0.0,30.0,72.0,72.0,72,104,0.28125,0.28125,58.5,65.53125,25898,0,0.0,False
wife,default,True,46,rain-default,23,768,1280,256,256,0.0,30.0,72.0,72.0,72,104,0.28125,0.28125,58.21875,65.53125,28576,0,0.0,False
wife,default,True,47,rain-default,21,256,1280,256,256,0.0,30.0,72.0,72.0,72,104,0.28125,0.28125,59.0625,65.25,28924,0,0.0,False
wife,default,True,48,rain-default,21,256,1280,256,256,0.0,30.0,72.0,72.0,72,104,0.28125,0.28125,59.0625,65.25,28924,0,0.0,False
wife,default,True,49,rain-default,18,512,1024,256,256,0.0,30.0,72.0,72.0,72,104,0.28125,0.28125,58.5,62.4375,27033,0,0.0,False
wife,default,True,50,rain-default,18,512,1024,256,256,0.0,30.0,72.0,72.0,72,104,0.28125,0.28125,58.5,62.4375,27033,0,0.0,False
wife,default,True,51,rain-default,21,256,1280,256,256,0.0,30.0,72.0,72.0,72,104,0.28125,0.28125,59.0625,65.25,28924,0,0.0,False
wife,default,True,52,rain-default,12,0,768,256,256,0.0,30.0,72.0,72.0,72,104,0.28125,0.28125,57.375,66.09375,24638,0,0.0,False
wife,default,True,53,rain-default,17,256,1024,256,256,0.0,30.0,72.0,72.0,72,104,0.28125,0.28125,58.5,65.53125,25898,0,0.0,False
wife,default,True,54,rain-default,17,256,1024,256,256,0.0,30.0,72.0,72.0,72,104,0.28125,0.28125,58.5,65.53125,25898,0,0.0,False
wife,default,True,55,rain-default,12,0,768,256,256,0.0,30.0,72.0,72.0,72,104,0.28125,0.28125,57.375,66.09375,24638,0,0.0,False
wife,default,True,56,rain-default,12,0,768,256,256,0.0,30.0,72.0,72.0,72,104,0.28125,0.28125,57.375,66.09375,24638,0,0.0,False
wife,default,True,57,rain-default,22,512,1280,256,256,0.0,30.0,72.0,72.0,72,104,0.28125,0.28125,58.21875,66.09375,26437,0,0.0,False
wife,default,True,58,rain-default,22,512,1280,256,256,0.0,30.0,72.0,72.0,72,104,0.28125,0.28125,58.21875,66.09375,26437,0,0.0,False
wife,default,True,59,rain-default,13,256,768,256,256,0.0,30.0,72.0,72.0,72,104,0.28125,0.28125,57.09375,66.09375,24798,0,0.0,False
wife,default,True,60,rain-default,14,512,768,256,256,0.0,30.0,72.0,72.0,72,104,0.28125,0.28125,57.9375,66.9375,25473,0,0.0,False
wife,default,True,61,rain-default,15,768,768,256,256,0.0,30.0,72.0,72.0,72,104,0.28125,0.28125,56.53125,65.53125,24321,0,0.0,False
wife,default,True,62,rain-default,14,512,768,256,256,0.0,30.0,72.0,72.0,72,104,0.28125,0.28125,57.9375,66.9375,25473,0,0.0,False
wife,default,True,63,rain-default,15,768,768,256,256,0.0,30.0,72.0,72.0,72,104,0.28125,0.28125,56.53125,65.53125,24321,0,0.0,False
wife,cold,False,0,weather-cold,14,512,768,256,256,-10.800000000000004,8.399999999999991,93.60000000000001,93.60000000000001,72,104,0.36562500000000003,0.36562500000000003,62.8875,92.50312500000001,30227,0,0.0,False
wife,cold,False,1,weather-cold,15,768,768,256,256,-10.800000000000004,8.399999999999991,93.60000000000001,93.60000000000001,72,104,0.36562500000000003,0.36562500000000003,59.962500000000006,92.1375,29484,0,0.0,False
wife,cold,False,2,weather-cold,14,512,768,256,256,-10.800000000000004,8.399999999999991,93.60000000000001,93.60000000000001,72,104,0.36562500000000003,0.36562500000000003,62.8875,92.50312500000001,30227,0,0.0,False
wife,cold,False,3,weather-cold,15,768,768,256,256,-10.800000000000004,8.399999999999991,93.60000000000001,93.60000000000001,72,104,0.36562500000000003,0.36562500000000003,59.962500000000006,92.1375,29484,0,0.0,False
wife,cold,False,4,weather-cold,12,0,768,256,256,-10.800000000000004,8.399999999999991,93.60000000000001,93.60000000000001,72,104,0.36562500000000003,0.36562500000000003,62.52187500000001,93.60000000000001,29297,458,1.5632999965866812,False
wife,cold,False,5,weather-cold,13,256,768,256,256,-10.800000000000004,8.399999999999991,93.60000000000001,93.60000000000001,72,104,0.36562500000000003,0.36562500000000003,62.8875,93.60000000000001,29424,169,0.5743610657966286,False
wife,cold,False,6,weather-cold,13,256,768,256,256,-10.800000000000004,8.399999999999991,93.60000000000001,93.60000000000001,72,104,0.36562500000000003,0.36562500000000003,62.8875,93.60000000000001,29424,169,0.5743610657966286,False
wife,cold,False,7,weather-cold,12,0,768,256,256,-10.800000000000004,8.399999999999991,93.60000000000001,93.60000000000001,72,104,0.36562500000000003,0.36562500000000003,62.52187500000001,93.60000000000001,29297,458,1.5632999965866812,False
wife,cold,False,8,weather-cold,20,0,1280,256,256,-10.800000000000004,8.399999999999991,93.60000000000001,93.60000000000001,72,104,0.36562500000000003,0.36562500000000003,78.24375,88.84687500000001,32622,3051,9.352584145668567,False
wife,cold,False,9,weather-cold,20,0,1280,256,256,-10.800000000000004,8.399999999999991,93.60000000000001,93.60000000000001,72,104,0.36562500000000003,0.36562500000000003,78.24375,88.84687500000001,32622,3051,9.352584145668567,False
wife,cold,False,10,weather-cold,20,0,1280,256,256,-10.800000000000004,8.399999999999991,93.60000000000001,93.60000000000001,72,104,0.36562500000000003,0.36562500000000003,78.24375,88.84687500000001,32622,3051,9.352584145668567,False
wife,cold,False,11,weather-cold,20,0,1280,256,256,-10.800000000000004,8.399999999999991,93.60000000000001,93.60000000000001,72,104,0.36562500000000003,0.36562500000000003,78.24375,88.84687500000001,32622,3051,9.352584145668567,False
wife,cold,False,12,weather-cold,17,256,1024,256,256,-10.800000000000004,8.399999999999991,93.60000000000001,93.60000000000001,72,104,0.36562500000000003,0.36562500000000003,63.253125000000004,93.60000000000001,29958,268,0.8945857533880767,False
wife,cold,False,13,weather-cold,17,256,1024,256,256,-10.800000000000004,8.399999999999991,93.60000000000001,93.60000000000001,72,104,0.36562500000000003,0.36562500000000003,63.253125000000004,93.60000000000001,29958,268,0.8945857533880767,False
wife,cold,False,14,weather-cold,17,256,1024,256,256,-10.800000000000004,8.399999999999991,93.60000000000001,93.60000000000001,72,104,0.36562500000000003,0.36562500000000003,63.253125000000004,93.60000000000001,29958,268,0.8945857533880767,False
wife,cold,False,15,weather-cold,12,0,768,256,256,-10.800000000000004,8.399999999999991,93.60000000000001,93.60000000000001,72,104,0.36562500000000003,0.36562500000000003,62.52187500000001,93.60000000000001,29297,458,1.5632999965866812,False
wife,cold,False,16,weather-cold,12,0,768,256,256,-10.800000000000004,8.399999999999991,93.60000000000001,93.60000000000001,72,104,0.36562500000000003,0.36562500000000003,62.52187500000001,93.60000000000001,29297,458,1.5632999965866812,False
wife,cold,False,17,weather-cold,12,0,768,256,256,-10.800000000000004,8.399999999999991,93.60000000000001,93.60000000000001,72,104,0.36562500000000003,0.36562500000000003,62.52187500000001,93.60000000000001,29297,458,1.5632999965866812,False
wife,cold,False,18,weather-cold,12,0,768,256,256,-10.800000000000004,8.399999999999991,93.60000000000001,93.60000000000001,72,104,0.36562500000000003,0.36562500000000003,62.52187500000001,93.60000000000001,29297,458,1.5632999965866812,False
wife,cold,False,19,weather-cold,12,0,768,256,256,-10.800000000000004,8.399999999999991,93.60000000000001,93.60000000000001,72,104,0.36562500000000003,0.36562500000000003,62.52187500000001,93.60000000000001,29297,458,1.5632999965866812,False
wife,cold,False,20,weather-cold,22,512,1280,256,256,-10.800000000000004,8.399999999999991,93.60000000000001,93.60000000000001,72,104,0.36562500000000003,0.36562500000000003,93.60000000000001,91.40625000000001,31658,2074,6.551266662454988,False
wife,cold,False,21,weather-cold,22,512,1280,256,256,-10.800000000000004,8.399999999999991,93.60000000000001,93.60000000000001,72,104,0.36562500000000003,0.36562500000000003,93.60000000000001,91.40625000000001,31658,2074,6.551266662454988,False
wife,cold,False,22,weather-cold,22,512,1280,256,256,-10.800000000000004,8.399999999999991,93.60000000000001,93.60000000000001,72,104,0.36562500000000003,0.36562500000000003,93.60000000000001,91.40625000000001,31658,2074,6.551266662454988,False
wife,cold,False,23,weather-cold,20,0,1280,256,256,-10.800000000000004,8.399999999999991,93.60000000000001,93.60000000000001,72,104,0.36562500000000003,0.36562500000000003,78.24375,88.84687500000001,32622,3051,9.352584145668567,False
wife,cold,False,24,weather-cold,16,0,1024,256,256,-10.800000000000004,8.399999999999991,93.60000000000001,93.60000000000001,72,104,0.36562500000000003,0.36562500000000003,61.790625000000006,93.60000000000001,29418,647,2.1993337412468557,False
wife,cold,False,25,weather-cold,16,0,1024,256,256,-10.800000000000004,8.399999999999991,93.60000000000001,93.60000000000001,72,104,0.36562500000000003,0.36562500000000003,61.790625000000006,93.60000000000001,29418,647,2.1993337412468557,False
wife,cold,False,26,weather-cold,16,0,1024,256,256,-10.800000000000004,8.399999999999991,93.60000000000001,93.60000000000001,72,104,0.36562500000000003,0.36562500000000003,61.790625000000006,93.60000000000001,29418,647,2.1993337412468557,False
wife,cold,False,27,weather-cold,16,0,1024,256,256,-10.800000000000004,8.399999999999991,93.60000000000001,93.60000000000001,72,104,0.36562500000000003,0.36562500000000003,61.790625000000006,93.60000000000001,29418,647,2.1993337412468557,False
wife,cold,False,28,weather-cold,18,512,1024,256,256,-10.800000000000004,8.399999999999991,93.60000000000001,93.60000000000001,72,104,0.36562500000000003,0.36562500000000003,69.103125,93.60000000000001,30740,119,0.3871177618737801,False
wife,cold,False,29,weather-cold,18,512,1024,256,256,-10.800000000000004,8.399999999999991,93.60000000000001,93.60000000000001,72,104,0.36562500000000003,0.36562500000000003,69.103125,93.60000000000001,30740,119,0.3871177618737801,False
wife,cold,False,30,weather-cold,18,512,1024,256,256,-10.800000000000004,8.399999999999991,93.60000000000001,93.60000000000001,72,104,0.36562500000000003,0.36562500000000003,69.103125,93.60000000000001,30740,119,0.3871177618737801,False
wife,cold,False,31,weather-cold,18,512,1024,256,256,-10.800000000000004,8.399999999999991,93.60000000000001,93.60000000000001,72,104,0.36562500000000003,0.36562500000000003,69.103125,93.60000000000001,30740,119,0.3871177618737801,False
wife,cold,False,32,weather-cold,23,768,1280,256,256,-10.800000000000004,8.399999999999991,93.60000000000001,93.60000000000001,72,104,0.36562500000000003,0.36562500000000003,86.28750000000001,89.57812500000001,31297,897,2.8660894015400835,False
wife,cold,False,33,weather-cold,23,768,1280,256,256,-10.800000000000004,8.399999999999991,93.60000000000001,93.60000000000001,72,104,0.36562500000000003,0.36562500000000003,86.28750000000001,89.57812500000001,31297,897,2.8660894015400835,False
wife,cold,False,34,weather-cold,23,768,1280,256,256,-10.800000000000004,8.399999999999991,93.60000000000001,93.60000000000001,72,104,0.36562500000000003,0.36562500000000003,86.28750000000001,89.57812500000001,31297,897,2.8660894015400835,False
wife,cold,False,35,weather-cold,23,768,1280,256,256,-10.800000000000004,8.399999999999991,93.60000000000001,93.60000000000001,72,104,0.36562500000000003,0.36562500000000003,86.28750000000001,89.57812500000001,31297,897,2.8660894015400835,False
wife,cold,False,36,weather-cold,19,768,1024,256,256,-10.800000000000004,8.399999999999991,93.60000000000001,93.60000000000001,72,104,0.36562500000000003,0.36562500000000003,61.790625000000006,93.60000000000001,27773,0,0.0,False
wife,cold,False,37,weather-cold,19,768,1024,256,256,-10.800000000000004,8.399999999999991,93.60000000000001,93.60000000000001,72,104,0.36562500000000003,0.36562500000000003,61.790625000000006,93.60000000000001,27773,0,0.0,False
wife,cold,False,38,weather-cold,19,768,1024,256,256,-10.800000000000004,8.399999999999991,93.60000000000001,93.60000000000001,72,104,0.36562500000000003,0.36562500000000003,61.790625000000006,93.60000000000001,27773,0,0.0,False
wife,cold,False,39,weather-cold,12,0,768,256,256,-10.800000000000004,8.399999999999991,93.60000000000001,93.60000000000001,72,104,0.36562500000000003,0.36562500000000003,62.52187500000001,93.60000000000001,29297,458,1.5632999965866812,False
wife,cold,False,40,weather-cold,21,256,1280,256,256,-10.800000000000004,8.399999999999991,93.60000000000001,93.60000000000001,72,104,0.36562500000000003,0.36562500000000003,93.60000000000001,87.75000000000001,30047,3391,11.285652477784804,False
wife,cold,False,41,weather-cold,21,256,1280,256,256,-10.800000000000004,8.399999999999991,93.60000000000001,93.60000000000001,72,104,0.36562500000000003,0.36562500000000003,93.60000000000001,87.75000000000001,30047,3391,11.285652477784804,False
wife,cold,False,42,peeking,2,0,512,512,512,0,0,38.0,44.0,38,44,0.07421875,0.0859375,33.62109375,42.796875,160913,0,0.0,True
wife,cold,False,43,peeking,3,512,512,512,512,0,0,38.0,44.0,38,44,0.07421875,0.0859375,33.62109375,42.796875,160918,0,0.0,True
wife,cold,False,44,cooling,4,0,512,384,512,0.8999999999999986,8.399999999999991,70.2,93.60000000000001,72,104,0.18281250000000002,0.18281250000000002,47.53125000000001,84.09375000000001,74821,0,0.0,False
wife,cold,False,45,cooling,5,384,512,384,512,0.8999999999999986,8.399999999999991,70.2,93.60000000000001,72,104,0.18281250000000002,0.18281250000000002,54.6609375,83.17968750000001,76657,0,0.0,False
wife,cold,False,46,cooling,6,768,512,384,512,0.8999999999999986,8.399999999999991,70.2,93.60000000000001,72,104,0.18281250000000002,0.18281250000000002,52.8328125,72.9421875,77456,0,0.0,False
wife,cold,False,47,cooling,7,1152,512,384,512,0.8999999999999986,8.399999999999991,70.2,93.60000000000001,72,104,0.18281250000000002,0.18281250000000002,55.20937500000001,71.8453125,81043,0,0.0,False
wife,cold,False,48,weather-cold,21,256,1280,256,256,-10.800000000000004,8.399999999999991,93.60000000000001,93.60000000000001,72,104,0.36562500000000003,0.36562500000000003,93.60000000000001,87.75000000000001,30047,3391,11.285652477784804,False
wife,cold,False,49,weather-cold,18,512,1024,256,256,-10.800000000000004,8.399999999999991,93.60000000000001,93.60000000000001,72,104,0.36562500000000003,0.36562500000000003,69.103125,93.60000000000001,30740,119,0.3871177618737801,False
wife,cold,False,50,weather-cold,18,512,1024,256,256,-10.800000000000004,8.399999999999991,93.60000000000001,93.60000000000001,72,104,0.36562500000000003,0.36562500000000003,69.103125,93.60000000000001,30740,119,0.3871177618737801,False
wife,cold,False,51,weather-cold,21,256,1280,256,256,-10.800000000000004,8.399999999999991,93.60000000000001,93.60000000000001,72,104,0.36562500000000003,0.36562500000000003,93.60000000000001,87.75000000000001,30047,3391,11.285652477784804,False
wife,cold,False,52,weather-cold,12,0,768,256,256,-10.800000000000004,8.399999999999991,93.60000000000001,93.60000000000001,72,104,0.36562500000000003,0.36562500000000003,62.52187500000001,93.60000000000001,29297,458,1.5632999965866812,False
wife,cold,False,53,weather-cold,17,256,1024,256,256,-10.800000000000004,8.399999999999991,93.60000000000001,93.60000000000001,72,104,0.36562500000000003,0.36562500000000003,63.253125000000004,93.60000000000001,29958,268,0.8945857533880767,False
wife,cold,False,54,weather-cold,17,256,1024,256,256,-10.800000000000004,8.399999999999991,93.60000000000001,93.60000000000001,72,104,0.36562500000000003,0.36562500000000003,63.253125000000004,93.60000000000001,29958,268,0.8945857533880767,False
wife,cold,False,55,weather-cold,12,0,768,256,256,-10.800000000000004,8.399999999999991,93.60000000000001,93.60000000000001,72,104,0.36562500000000003,0.36562500000000003,62.52187500000001,93.60000000000001,29297,458,1.5632999965866812,False
wife,cold,False,56,weather-cold,12,0,768,256,256,-10.800000000000004,8.399999999999991,93.60000000000001,93.60000000000001,72,104,0.36562500000000003,0.36562500000000003,62.52187500000001,93.60000000000001,29297,458,1.5632999965866812,False
wife,cold,False,57,weather-cold,22,512,1280,256,256,-10.800000000000004,8.399999999999991,93.60000000000001,93.60000000000001,72,104,0.36562500000000003,0.36562500000000003,93.60000000000001,91.40625000000001,31658,2074,6.551266662454988,False
wife,cold,False,58,weather-cold,22,512,1280,256,256,-10.800000000000004,8.399999999999991,93.60000000000001,93.60000000000001,72,104,0.36562500000000003,0.36562500000000003,93.60000000000001,91.40625000000001,31658,2074,6.551266662454988,False
wife,cold,False,59,weather-cold,13,256,768,256,256,-10.800000000000004,8.399999999999991,93.60000000000001,93.60000000000001,72,104,0.36562500000000003,0.36562500000000003,62.8875,93.60000000000001,29424,169,0.5743610657966286,False
wife,cold,False,60,weather-cold,14,512,768,256,256,-10.800000000000004,8.399999999999991,93.60000000000001,93.60000000000001,72,104,0.36562500000000003,0.36562500000000003,62.8875,92.50312500000001,30227,0,0.0,False
wife,cold,False,61,weather-cold,15,768,768,256,256,-10.800000000000004,8.399999999999991,93.60000000000001,93.60000000000001,72,104,0.36562500000000003,0.36562500000000003,59.962500000000006,92.1375,29484,0,0.0,False
wife,cold,False,62,weather-cold,14,512,768,256,256,-10.800000000000004,8.399999999999991,93.60000000000001,93.60000000000001,72,104,0.36562500000000003,0.36562500000000003,62.8875,92.50312500000001,30227,0,0.0,False
wife,cold,False,63,weather-cold,15,768,768,256,256,-10.800000000000004,8.399999999999991,93.60000000000001,93.60000000000001,72,104,0.36562500000000003,0.36562500000000003,59.962500000000006,92.1375,29484,0,0.0,False
wife,cold,True,0,rain-cold,14,512,768,256,256,0.0,30.0,72.0,72.0,72,104,0.28125,0.28125,57.65625,66.9375,25950,0,0.0,False
wife,cold,True,1,rain-cold,15,768,768,256,256,0.0,30.0,72.0,72.0,72,104,0.28125,0.28125,56.25,65.8125,24758,0,0.0,False
wife,cold,True,2,rain-cold,14,512,768,256,256,0.0,30.0,72.0,72.0,72,104,0.28125,0.28125,57.65625,66.9375,25950,0,0.0,False
wife,cold,True,3,rain-cold,15,768,768,256,256,0.0,30.0,72.0,72.0,72,104,0.28125,0.28125,56.25,65.8125,24758,0,0.0,False
wife,cold,True,4,rain-cold,12,0,768,256,256,0.0,30.0,72.0,72.0,72,104,0.28125,0.28125,57.09375,66.09375,24886,0,0.0,False
wife,cold,True,5,rain-cold,13,256,768,256,256,0.0,30.0,72.0,72.0,72,104,0.28125,0.28125,57.09375,66.09375,24903,0,0.0,False
wife,cold,True,6,rain-cold,13,256,768,256,256,0.0,30.0,72.0,72.0,72,104,0.28125,0.28125,57.09375,66.09375,24903,0,0.0,False
wife,cold,True,7,rain-cold,12,0,768,256,256,0.0,30.0,72.0,72.0,72,104,0.28125,0.28125,57.09375,66.09375,24886,0,0.0,False
wife,cold,True,8,weather-cold,20,0,1280,256,256,-10.800000000000004,8.399999999999991,93.60000000000001,93.60000000000001,72,104,0.36562500000000003,0.36562500000000003,78.24375,88.84687500000001,32622,3051,9.352584145668567,False
wife,cold,True,9,weather-cold,20,0,1280,256,256,-10.800000000000004,8.399999999999991,93.60000000000001,93.60000000000001,72,104,0.36562500000000003,0.36562500000000003,78.24375,88.84687500000001,32622,3051,9.352584145668567,False
wife,cold,True,10,weather-cold,20,0,1280,256,256,-10.800000000000004,8.399999999999991,93.60000000000001,93.60000000000001,72,104,0.36562500000000003,0.36562500000000003,78.24375,88.84687500000001,32622,3051,9.352584145668567,False
wife,cold,True,11,weather-cold,20,0,1280,256,256,-10.800000000000004,8.399999999999991,93.60000000000001,93.60000000000001,72,104,0.36562500000000003,0.36562500000000003,78.24375,88.84687500000001,32622,3051,9.352584145668567,False
wife,cold,True,12,rain-cold,17,256,1024,256,256,0.0,30.0,72.0,72.0,72,104,0.28125,0.28125,58.21875,65.8125,25974,0,0.0,False
wife,cold,True,13,rain-cold,17,256,1024,256,256,0.0,30.0,72.0,72.0,72,104,0.28125,0.28125,58.21875,65.8125,25974,0,0.0,False
wife,cold,True,14,rain-cold,17,256,1024,256,256,0.0,30.0,72.0,72.0,72,104,0.28125,0.28125,58.21875,65.8125,25974,0,0.0,False
wife,cold,True,15,rain-cold,12,0,768,256,256,0.0,30.0,72.0,72.0,72,104,0.28125,0.28125,57.09375,66.09375,24886,0,0.0,False
wife,cold,True,16,rain-cold,12,0,768,256,256,0.0,30.0,72.0,72.0,72,104,0.28125,0.28125,57.09375,66.09375,24886,0,0.0,False
wife,cold,True,17,rain-cold,12,0,768,256,256,0.0,30.0,72.0,72.0,72,104,0.28125,0.28125,57.09375,66.09375,24886,0,0.0,False
wife,cold,True,18,rain-cold,12,0,768,256,256,0.0,30.0,72.0,72.0,72,104,0.28125,0.28125,57.09375,66.09375,24886,0,0.0,False
wife,cold,True,19,rain-cold,12,0,768,256,256,0.0,30.0,72.0,72.0,72,104,0.28125,0.28125,57.09375,66.09375,24886,0,0.0,False
wife,cold,True,20,rain-cold,22,512,1280,256,256,0.0,30.0,72.0,72.0,72,104,0.28125,0.28125,58.21875,66.375,26852,0,0.0,False
wife,cold,True,21,rain-cold,22,512,1280,256,256,0.0,30.0,72.0,72.0,72,104,0.28125,0.28125,58.21875,66.375,26852,0,0.0,False
wife,cold,True,22,rain-cold,22,512,1280,256,256,0.0,30.0,72.0,72.0,72,104,0.28125,0.28125,58.21875,66.375,26852,0,0.0,False
wife,cold,True,23,rain-cold,20,0,1280,256,256,0.0,30.0,72.0,72.0,72,104,0.28125,0.28125,57.375,66.375,26272,0,0.0,False
wife,cold,True,24,rain-cold,16,0,1024,256,256,0.0,30.0,72.0,72.0,72,104,0.28125,0.28125,58.5,65.8125,26454,0,0.0,False
wife,cold,True,25,rain-cold,16,0,1024,256,256,0.0,30.0,72.0,72.0,72,104,0.28125,0.28125,58.5,65.8125,26454,0,0.0,False
wife,cold,True,26,rain-cold,16,0,1024,256,256,0.0,30.0,72.0,72.0,72,104,0.28125,0.28125,58.5,65.8125,26454,0,0.0,False
wife,cold,True,27,rain-cold,16,0,1024,256,256,0.0,30.0,72.0,72.0,72,104,0.28125,0.28125,58.5,65.8125,26454,0,0.0,False
wife,cold,True,28,rain-cold,18,512,1024,256,256,0.0,30.0,72.0,72.0,72,104,0.28125,0.28125,58.21875,62.4375,27159,0,0.0,False
wife,cold,True,29,rain-cold,18,512,1024,256,256,0.0,30.0,72.0,72.0,72,104,0.28125,0.28125,58.21875,62.4375,27159,0,0.0,False
wife,cold,True,30,rain-cold,18,512,1024,256,256,0.0,30.0,72.0,72.0,72,104,0.28125,0.28125,58.21875,62.4375,27159,0,0.0,False
wife,cold,True,31,rain-cold,18,512,1024,256,256,0.0,30.0,72.0,72.0,72,104,0.28125,0.28125,58.21875,62.4375,27159,0,0.0,False
wife,cold,True,32,rain-cold,23,768,1280,256,256,0.0,30.0,72.0,72.0,72,104,0.28125,0.28125,57.65625,65.53125,28685,0,0.0,False
wife,cold,True,33,rain-cold,23,768,1280,256,256,0.0,30.0,72.0,72.0,72,104,0.28125,0.28125,57.65625,65.53125,28685,0,0.0,False
wife,cold,True,34,rain-cold,23,768,1280,256,256,0.0,30.0,72.0,72.0,72,104,0.28125,0.28125,57.65625,65.53125,28685,0,0.0,False
wife,cold,True,35,rain-cold,23,768,1280,256,256,0.0,30.0,72.0,72.0,72,104,0.28125,0.28125,57.65625,65.53125,28685,0,0.0,False
wife,cold,True,36,rain-cold,19,768,1024,256,256,0.0,30.0,72.0,72.0,72,104,0.28125,0.28125,57.9375,65.53125,25138,0,0.0,False
wife,cold,True,37,rain-cold,19,768,1024,256,256,0.0,30.0,72.0,72.0,72,104,0.28125,0.28125,57.9375,65.53125,25138,0,0.0,False
wife,cold,True,38,rain-cold,19,768,1024,256,256,0.0,30.0,72.0,72.0,72,104,0.28125,0.28125,57.9375,65.53125,25138,0,0.0,False
wife,cold,True,39,rain-cold,12,0,768,256,256,0.0,30.0,72.0,72.0,72,104,0.28125,0.28125,57.09375,66.09375,24886,0,0.0,False
wife,cold,True,40,weather-cold,21,256,1280,256,256,-10.800000000000004,8.399999999999991,93.60000000000001,93.60000000000001,72,104,0.36562500000000003,0.36562500000000003,93.60000000000001,87.75000000000001,30047,3391,11.285652477784804,False
wife,cold,True,41,weather-cold,21,256,1280,256,256,-10.800000000000004,8.399999999999991,93.60000000000001,93.60000000000001,72,104,0.36562500000000003,0.36562500000000003,93.60000000000001,87.75000000000001,30047,3391,11.285652477784804,False
wife,cold,True,42,peeking,2,0,512,512,512,0,0,38.0,44.0,38,44,0.07421875,0.0859375,33.62109375,42.796875,160913,0,0.0,True
wife,cold,True,43,peeking,3,512,512,512,512,0,0,38.0,44.0,38,44,0.07421875,0.0859375,33.62109375,42.796875,160918,0,0.0,True
wife,cold,True,44,rain-cold,17,256,1024,256,256,0.0,30.0,72.0,72.0,72,104,0.28125,0.28125,58.21875,65.8125,25974,0,0.0,False
wife,cold,True,45,rain-cold,17,256,1024,256,256,0.0,30.0,72.0,72.0,72,104,0.28125,0.28125,58.21875,65.8125,25974,0,0.0,False
wife,cold,True,46,rain-cold,23,768,1280,256,256,0.0,30.0,72.0,72.0,72,104,0.28125,0.28125,57.65625,65.53125,28685,0,0.0,False
wife,cold,True,47,rain-cold,21,256,1280,256,256,0.0,30.0,72.0,72.0,72,104,0.28125,0.28125,58.78125,65.25,28881,0,0.0,False
wife,cold,True,48,rain-cold,21,256,1280,256,256,0.0,30.0,72.0,72.0,72,104,0.28125,0.28125,58.78125,65.25,28881,0,0.0,False
wife,cold,True,49,rain-cold,18,512,1024,256,256,0.0,30.0,72.0,72.0,72,104,0.28125,0.28125,58.21875,62.4375,27159,0,0.0,False
wife,cold,True,50,rain-cold,18,512,1024,256,256,0.0,30.0,72.0,72.0,72,104,0.28125,0.28125,58.21875,62.4375,27159,0,0.0,False
wife,cold,True,51,rain-cold,21,256,1280,256,256,0.0,30.0,72.0,72.0,72,104,0.28125,0.28125,58.78125,65.25,28881,0,0.0,False
wife,cold,True,52,rain-cold,12,0,768,256,256,0.0,30.0,72.0,72.0,72,104,0.28125,0.28125,57.09375,66.09375,24886,0,0.0,False
wife,cold,True,53,rain-cold,17,256,1024,256,256,0.0,30.0,72.0,72.0,72,104,0.28125,0.28125,58.21875,65.8125,25974,0,0.0,False
wife,cold,True,54,rain-cold,17,256,1024,256,256,0.0,30.0,72.0,72.0,72,104,0.28125,0.28125,58.21875,65.8125,25974,0,0.0,False
wife,cold,True,55,rain-cold,12,0,768,256,256,0.0,30.0,72.0,72.0,72,104,0.28125,0.28125,57.09375,66.09375,24886,0,0.0,False
wife,cold,True,56,rain-cold,12,0,768,256,256,0.0,30.0,72.0,72.0,72,104,0.28125,0.28125,57.09375,66.09375,24886,0,0.0,False
wife,cold,True,57,rain-cold,22,512,1280,256,256,0.0,30.0,72.0,72.0,72,104,0.28125,0.28125,58.21875,66.375,26852,0,0.0,False
wife,cold,True,58,rain-cold,22,512,1280,256,256,0.0,30.0,72.0,72.0,72,104,0.28125,0.28125,58.21875,66.375,26852,0,0.0,False
wife,cold,True,59,rain-cold,13,256,768,256,256,0.0,30.0,72.0,72.0,72,104,0.28125,0.28125,57.09375,66.09375,24903,0,0.0,False
wife,cold,True,60,rain-cold,14,512,768,256,256,0.0,30.0,72.0,72.0,72,104,0.28125,0.28125,57.65625,66.9375,25950,0,0.0,False
wife,cold,True,61,rain-cold,15,768,768,256,256,0.0,30.0,72.0,72.0,72,104,0.28125,0.28125,56.25,65.8125,24758,0,0.0,False
wife,cold,True,62,rain-cold,14,512,768,256,256,0.0,30.0,72.0,72.0,72,104,0.28125,0.28125,57.65625,66.9375,25950,0,0.0,False
wife,cold,True,63,rain-cold,15,768,768,256,256,0.0,30.0,72.0,72.0,72,104,0.28125,0.28125,56.25,65.8125,24758,0,0.0,False
wife,hot,False,0,weather-hot,14,512,768,256,256,-10.800000000000004,8.399999999999991,93.60000000000001,93.60000000000001,72,104,0.36562500000000003,0.36562500000000003,61.425000000000004,93.60000000000001,28157,0,0.0,False
wife,hot,False,1,weather-hot,15,768,768,256,256,-10.800000000000004,8.399999999999991,93.60000000000001,93.60000000000001,72,104,0.36562500000000003,0.36562500000000003,60.69375000000001,93.60000000000001,27374,0,0.0,False
wife,hot,False,2,weather-hot,14,512,768,256,256,-10.800000000000004,8.399999999999991,93.60000000000001,93.60000000000001,72,104,0.36562500000000003,0.36562500000000003,61.425000000000004,93.60000000000001,28157,0,0.0,False
wife,hot,False,3,weather-hot,15,768,768,256,256,-10.800000000000004,8.399999999999991,93.60000000000001,93.60000000000001,72,104,0.36562500000000003,0.36562500000000003,60.69375000000001,93.60000000000001,27374,0,0.0,False
wife,hot,False,4,weather-hot,12,0,768,256,256,-10.800000000000004,8.399999999999991,93.60000000000001,93.60000000000001,72,104,0.36562500000000003,0.36562500000000003,60.69375000000001,93.60000000000001,28452,542,1.904962744271053,False
wife,hot,False,5,weather-hot,13,256,768,256,256,-10.800000000000004,8.399999999999991,93.60000000000001,93.60000000000001,72,104,0.36562500000000003,0.36562500000000003,59.596875000000004,93.60000000000001,26806,0,0.0,False
wife,hot,False,6,weather-hot,13,256,768,256,256,-10.800000000000004,8.399999999999991,93.60000000000001,93.60000000000001,72,104,0.36562500000000003,0.36562500000000003,59.596875000000004,93.60000000000001,26806,0,0.0,False
wife,hot,False,7,weather-hot,12,0,768,256,256,-10.800000000000004,8.399999999999991,93.60000000000001,93.60000000000001,72,104,0.36562500000000003,0.36562500000000003,60.69375000000001,93.60000000000001,28452,542,1.904962744271053,False
wife,hot,False,8,weather-hot,20,0,1280,256,256,-10.800000000000004,8.399999999999991,93.60000000000001,93.60000000000001,72,104,0.36562500000000003,0.36562500000000003,75.31875000000001,93.23437500000001,28859,1574,5.4541044388232445,False
wife,hot,False,9,weather-hot,20,0,1280,256,256,-10.800000000000004,8.399999999999991,93.60000000000001,93.60000000000001,72,104,0.36562500000000003,0.36562500000000003,75.31875000000001,93.23437500000001,28859,1574,5.4541044388232445,False
wife,hot,False,10,weather-hot,20,0,1280,256,256,-10.800000000000004,8.399999999999991,93.60000000000001,93.60000000000001,72,104,0.36562500000000003,0.36562500000000003,75.31875000000001,93.23437500000001,28859,1574,5.4541044388232445,False
wife,hot,False,11,weather-hot,20,0,1280,256,256,-10.800000000000004,8.399999999999991,93.60000000000001,93.60000000000001,72,104,0.36562500000000003,0.36562500000000003,75.31875000000001,93.23437500000001,28859,1574,5.4541044388232445,False
wife,hot,False,12,weather-hot,17,256,1024,256,256,-10.800000000000004,8.399999999999991,93.60000000000001,93.60000000000001,72,104,0.36562500000000003,0.36562500000000003,63.98437500000001,93.60000000000001,28764,57,0.19816437213183147,False
wife,hot,False,13,weather-hot,17,256,1024,256,256,-10.800000000000004,8.399999999999991,93.60000000000001,93.60000000000001,72,104,0.36562500000000003,0.36562500000000003,63.98437500000001,93.60000000000001,28764,57,0.19816437213183147,False
wife,hot,False,14,weather-hot,17,256,1024,256,256,-10.800000000000004,8.399999999999991,93.60000000000001,93.60000000000001,72,104,0.36562500000000003,0.36562500000000003,63.98437500000001,93.60000000000001,28764,57,0.19816437213183147,False
wife,hot,False,15,weather-hot,12,0,768,256,256,-10.800000000000004,8.399999999999991,93.60000000000001,93.60000000000001,72,104,0.36562500000000003,0.36562500000000003,60.69375000000001,93.60000000000001,28452,542,1.904962744271053,False
wife,hot,False,16,weather-hot,12,0,768,256,256,-10.800000000000004,8.399999999999991,93.60000000000001,93.60000000000001,72,104,0.36562500000000003,0.36562500000000003,60.69375000000001,93.60000000000001,28452,542,1.904962744271053,False
wife,hot,False,17,weather-hot,12,0,768,256,256,-10.800000000000004,8.399999999999991,93.60000000000001,93.60000000000001,72,104,0.36562500000000003,0.36562500000000003,60.69375000000001,93.60000000000001,28452,542,1.904962744271053,False
wife,hot,False,18,weather-hot,12,0,768,256,256,-10.800000000000004,8.399999999999991,93.60000000000001,93.60000000000001,72,104,0.36562500000000003,0.36562500000000003,60.69375000000001,93.60000000000001,28452,542,1.904962744271053,False
wife,hot,False,19,weather-hot,12,0,768,256,256,-10.800000000000004,8.399999999999991,93.60000000000001,93.60000000000001,72,104,0.36562500000000003,0.36562500000000003,60.69375000000001,93.60000000000001,28452,542,1.904962744271053,False
wife,hot,False,20,weather-hot,22,512,1280,256,256,-10.800000000000004,8.399999999999991,93.60000000000001,93.60000000000001,72,104,0.36562500000000003,0.36562500000000003,72.39375000000001,93.23437500000001,29663,1627,5.484947577790513,False
wife,hot,False,21,weather-hot,22,512,1280,256,256,-10.800000000000004,8.399999999999991,93.60000000000001,93.60000000000001,72,104,0.36562500000000003,0.36562500000000003,72.39375000000001,93.23437500000001,29663,1627,5.484947577790513,False
wife,hot,False,22,weather-hot,22,512,1280,256,256,-10.800000000000004,8.399999999999991,93.60000000000001,93.60000000000001,72,104,0.36562500000000003,0.36562500000000003,72.39375000000001,93.23437500000001,29663,1627,5.484947577790513,False
wife,hot,False,23,weather-hot,20,0,1280,256,256,-10.800000000000004,8.399999999999991,93.60000000000001,93.60000000000001,72,104,0.36562500000000003,0.36562500000000003,75.31875000000001,93.23437500000001,28859,1574,5.4541044388232445,False
wife,hot,False,24,weather-hot,16,0,1024,256,256,-10.800000000000004,8.399999999999991,93.60000000000001,93.60000000000001,72,104,0.36562500000000003,0.36562500000000003,61.790625000000006,93.60000000000001,28101,182,0.6476637842069677,False
wife,hot,False,25,weather-hot,16,0,1024,256,256,-10.800000000000004,8.399999999999991,93.60000000000001,93.60000000000001,72,104,0.36562500000000003,0.36562500000000003,61.790625000000006,93.60000000000001,28101,182,0.6476637842069677,False
wife,hot,False,26,weather-hot,16,0,1024,256,256,-10.800000000000004,8.399999999999991,93.60000000000001,93.60000000000001,72,104,0.36562500000000003,0.36562500000000003,61.790625000000006,93.60000000000001,28101,182,0.6476637842069677,False
wife,hot,False,27,weather-hot,16,0,1024,256,256,-10.800000000000004,8.399999999999991,93.60000000000001,93.60000000000001,72,104,0.36562500000000003,0.36562500000000003,61.790625000000006,93.60000000000001,28101,182,0.6476637842069677,False
wife,hot,False,28,weather-hot,18,512,1024,256,256,-10.800000000000004,8.399999999999991,93.60000000000001,93.60000000000001,72,104,0.36562500000000003,0.36562500000000003,61.059375,93.60000000000001,26782,0,0.0,False
wife,hot,False,29,weather-hot,18,512,1024,256,256,-10.800000000000004,8.399999999999991,93.60000000000001,93.60000000000001,72,104,0.36562500000000003,0.36562500000000003,61.059375,93.60000000000001,26782,0,0.0,False
wife,hot,False,30,weather-hot,18,512,1024,256,256,-10.800000000000004,8.399999999999991,93.60000000000001,93.60000000000001,72,104,0.36562500000000003,0.36562500000000003,61.059375,93.60000000000001,26782,0,0.0,False
wife,hot,False,31,weather-hot,18,512,1024,256,256,-10.800000000000004,8.399999999999991,93.60000000000001,93.60000000000001,72,104,0.36562500000000003,0.36562500000000003,61.059375,93.60000000000001,26782,0,0.0,False
wife,hot,False,32,weather-hot,23,768,1280,256,256,-10.800000000000004,8.399999999999991,93.60000000000001,93.60000000000001,72,104,0.36562500000000003,0.36562500000000003,88.48125,91.77187500000001,27128,1172,4.320259510468889,False
wife,hot,False,33,weather-hot,23,768,1280,256,256,-10.800000000000004,8.399999999999991,93.60000000000001,93.60000000000001,72,104,0.36562500000000003,0.36562500000000003,88.48125,91.77187500000001,27128,1172,4.320259510468889,False
wife,hot,False,34,weather-hot,23,768,1280,256,256,-10.800000000000004,8.399999999999991,93.60000000000001,93.60000000000001,72,104,0.36562500000000003,0.36562500000000003,88.48125,91.77187500000001,27128,1172,4.320259510468889,False
wife,hot,False,35,weather-hot,23,768,1280,256,256,-10.800000000000004,8.399999999999991,93.60000000000001,93.60000000000001,72,104,0.36562500000000003,0.36562500000000003,88.48125,91.77187500000001,27128,1172,4.320259510468889,False
wife,hot,False,36,weather-hot,19,768,1024,256,256,-10.800000000000004,8.399999999999991,93.60000000000001,93.60000000000001,72,104,0.36562500000000003,0.36562500000000003,72.39375000000001,93.60000000000001,28003,751,2.681855515480484,False
wife,hot,False,37,weather-hot,19,768,1024,256,256,-10.800000000000004,8.399999999999991,93.60000000000001,93.60000000000001,72,104,0.36562500000000003,0.36562500000000003,72.39375000000001,93.60000000000001,28003,751,2.681855515480484,False
wife,hot,False,38,weather-hot,19,768,1024,256,256,-10.800000000000004,8.399999999999991,93.60000000000001,93.60000000000001,72,104,0.36562500000000003,0.36562500000000003,72.39375000000001,93.60000000000001,28003,751,2.681855515480484,False
wife,hot,False,39,weather-hot,12,0,768,256,256,-10.800000000000004,8.399999999999991,93.60000000000001,93.60000000000001,72,104,0.36562500000000003,0.36562500000000003,60.69375000000001,93.60000000000001,28452,542,1.904962744271053,False
wife,hot,False,40,weather-hot,21,256,1280,256,256,-10.800000000000004,8.399999999999991,93.60000000000001,93.60000000000001,72,104,0.36562500000000003,0.36562500000000003,86.653125,92.1375,29136,548,1.8808347062053816,False
wife,hot,False,41,weather-hot,21,256,1280,256,256,-10.800000000000004,8.399999999999991,93.60000000000001,93.60000000000001,72,104,0.36562500000000003,0.36562500000000003,86.653125,92.1375,29136,548,1.8808347062053816,False
wife,hot,False,42,peeking,2,0,512,512,512,0,0,38.0,44.0,38,44,0.07421875,0.0859375,33.62109375,42.796875,160913,0,0.0,True
wife,hot,False,43,peeking,3,512,512,512,512,0,0,38.0,44.0,38,44,0.07421875,0.0859375,33.62109375,42.796875,160918,0,0.0,True
wife,hot,False,44,cooling,4,0,512,384,512,0.8999999999999986,8.399999999999991,70.2,93.60000000000001,72,104,0.18281250000000002,0.18281250000000002,47.53125000000001,84.09375000000001,74821,0,0.0,False
wife,hot,False,45,cooling,5,384,512,384,512,0.8999999999999986,8.399999999999991,70.2,93.60000000000001,72,104,0.18281250000000002,0.18281250000000002,54.6609375,83.17968750000001,76657,0,0.0,False
wife,hot,False,46,cooling,6,768,512,384,512,0.8999999999999986,8.399999999999991,70.2,93.60000000000001,72,104,0.18281250000000002,0.18281250000000002,52.8328125,72.9421875,77456,0,0.0,False
wife,hot,False,47,cooling,7,1152,512,384,512,0.8999999999999986,8.399999999999991,70.2,93.60000000000001,72,104,0.18281250000000002,0.18281250000000002,55.20937500000001,71.8453125,81043,0,0.0,False
wife,hot,False,48,weather-hot,21,256,1280,256,256,-10.800000000000004,8.399999999999991,93.60000000000001,93.60000000000001,72,104,0.36562500000000003,0.36562500000000003,86.653125,92.1375,29136,548,1.8808347062053816,False
wife,hot,False,49,weather-hot,18,512,1024,256,256,-10.800000000000004,8.399999999999991,93.60000000000001,93.60000000000001,72,104,0.36562500000000003,0.36562500000000003,61.059375,93.60000000000001,26782,0,0.0,False
wife,hot,False,50,weather-hot,18,512,1024,256,256,-10.800000000000004,8.399999999999991,93.60000000000001,93.60000000000001,72,104,0.36562500000000003,0.36562500000000003,61.059375,93.60000000000001,26782,0,0.0,False
wife,hot,False,51,weather-hot,21,256,1280,256,256,-10.800000000000004,8.399999999999991,93.60000000000001,93.60000000000001,72,104,0.36562500000000003,0.36562500000000003,86.653125,92.1375,29136,548,1.8808347062053816,False
wife,hot,False,52,weather-hot,12,0,768,256,256,-10.800000000000004,8.399999999999991,93.60000000000001,93.60000000000001,72,104,0.36562500000000003,0.36562500000000003,60.69375000000001,93.60000000000001,28452,542,1.904962744271053,False
wife,hot,False,53,weather-hot,17,256,1024,256,256,-10.800000000000004,8.399999999999991,93.60000000000001,93.60000000000001,72,104,0.36562500000000003,0.36562500000000003,63.98437500000001,93.60000000000001,28764,57,0.19816437213183147,False
wife,hot,False,54,weather-hot,17,256,1024,256,256,-10.800000000000004,8.399999999999991,93.60000000000001,93.60000000000001,72,104,0.36562500000000003,0.36562500000000003,63.98437500000001,93.60000000000001,28764,57,0.19816437213183147,False
wife,hot,False,55,weather-hot,12,0,768,256,256,-10.800000000000004,8.399999999999991,93.60000000000001,93.60000000000001,72,104,0.36562500000000003,0.36562500000000003,60.69375000000001,93.60000000000001,28452,542,1.904962744271053,False
wife,hot,False,56,weather-hot,12,0,768,256,256,-10.800000000000004,8.399999999999991,93.60000000000001,93.60000000000001,72,104,0.36562500000000003,0.36562500000000003,60.69375000000001,93.60000000000001,28452,542,1.904962744271053,False
wife,hot,False,57,weather-hot,22,512,1280,256,256,-10.800000000000004,8.399999999999991,93.60000000000001,93.60000000000001,72,104,0.36562500000000003,0.36562500000000003,72.39375000000001,93.23437500000001,29663,1627,5.484947577790513,False
wife,hot,False,58,weather-hot,22,512,1280,256,256,-10.800000000000004,8.399999999999991,93.60000000000001,93.60000000000001,72,104,0.36562500000000003,0.36562500000000003,72.39375000000001,93.23437500000001,29663,1627,5.484947577790513,False
wife,hot,False,59,weather-hot,13,256,768,256,256,-10.800000000000004,8.399999999999991,93.60000000000001,93.60000000000001,72,104,0.36562500000000003,0.36562500000000003,59.596875000000004,93.60000000000001,26806,0,0.0,False
wife,hot,False,60,weather-hot,14,512,768,256,256,-10.800000000000004,8.399999999999991,93.60000000000001,93.60000000000001,72,104,0.36562500000000003,0.36562500000000003,61.425000000000004,93.60000000000001,28157,0,0.0,False
wife,hot,False,61,weather-hot,15,768,768,256,256,-10.800000000000004,8.399999999999991,93.60000000000001,93.60000000000001,72,104,0.36562500000000003,0.36562500000000003,60.69375000000001,93.60000000000001,27374,0,0.0,False
wife,hot,False,62,weather-hot,14,512,768,256,256,-10.800000000000004,8.399999999999991,93.60000000000001,93.60000000000001,72,104,0.36562500000000003,0.36562500000000003,61.425000000000004,93.60000000000001,28157,0,0.0,False
wife,hot,False,63,weather-hot,15,768,768,256,256,-10.800000000000004,8.399999999999991,93.60000000000001,93.60000000000001,72,104,0.36562500000000003,0.36562500000000003,60.69375000000001,93.60000000000001,27374,0,0.0,False
wife,hot,True,0,rain-hot,14,512,768,256,256,0.0,30.0,72.0,72.0,72,104,0.28125,0.28125,57.65625,66.9375,25115,0,0.0,False
wife,hot,True,1,rain-hot,15,768,768,256,256,0.0,30.0,72.0,72.0,72,104,0.28125,0.28125,56.25,65.8125,24028,0,0.0,False
wife,hot,True,2,rain-hot,14,512,768,256,256,0.0,30.0,72.0,72.0,72,104,0.28125,0.28125,57.65625,66.9375,25115,0,0.0,False
wife,hot,True,3,rain-hot,15,768,768,256,256,0.0,30.0,72.0,72.0,72,104,0.28125,0.28125,56.25,65.8125,24028,0,0.0,False
wife,hot,True,4,rain-hot,12,0,768,256,256,0.0,30.0,72.0,72.0,72,104,0.28125,0.28125,57.375,65.8125,24315,0,0.0,False
wife,hot,True,5,rain-hot,13,256,768,256,256,0.0,30.0,72.0,72.0,72,104,0.28125,0.28125,57.09375,66.09375,24383,0,0.0,False
wife,hot,True,6,rain-hot,13,256,768,256,256,0.0,30.0,72.0,72.0,72,104,0.28125,0.28125,57.09375,66.09375,24383,0,0.0,False
wife,hot,True,7,rain-hot,12,0,768,256,256,0.0,30.0,72.0,72.0,72,104,0.28125,0.28125,57.375,65.8125,24315,0,0.0,False
wife,hot,True,8,weather-hot,20,0,1280,256,256,-10.800000000000004,8.399999999999991,93.60000000000001,93.60000000000001,72,104,0.36562500000000003,0.36562500000000003,75.31875000000001,93.23437500000001,28859,1574,5.4541044388232445,False
wife,hot,True,9,weather-hot,20,0,1280,256,256,-10.800000000000004,8.399999999999991,93.60000000000001,93.60000000000001,72,104,0.36562500000000003,0.36562500000000003,75.31875000000001,93.23437500000001,28859,1574,5.4541044388232445,False
wife,hot,True,10,weather-hot,20,0,1280,256,256,-10.800000000000004,8.399999999999991,93.60000000000001,93.60000000000001,72,104,0.36562500000000003,0.36562500000000003,75.31875000000001,93.23437500000001,28859,1574,5.4541044388232445,False
wife,hot,True,11,weather-hot,20,0,1280,256,256,-10.800000000000004,8.399999999999991,93.60000000000001,93.60000000000001,72,104,0.36562500000000003,0.36562500000000003,75.31875000000001,93.23437500000001,28859,1574,5.4541044388232445,False
wife,hot,True,12,rain-hot,17,256,1024,256,256,0.0,30.0,72.0,72.0,72,104,0.28125,0.28125,58.5,65.8125,25486,0,0.0,False
wife,hot,True,13,rain-hot,17,256,1024,256,256,0.0,30.0,72.0,72.0,72,104,0.28125,0.28125,58.5,65.8125,25486,0,0.0,False
wife,hot,True,14,rain-hot,17,256,1024,256,256,0.0,30.0,72.0,72.0,72,104,0.28125,0.28125,58.5,65.8125,25486,0,0.0,False
wife,hot,True,15,rain-hot,12,0,768,256,256,0.0,30.0,72.0,72.0,72,104,0.28125,0.28125,57.375,65.8125,24315,0,0.0,False
wife,hot,True,16,rain-hot,12,0,768,256,256,0.0,30.0,72.0,72.0,72,104,0.28125,0.28125,57.375,65.8125,24315,0,0.0,False
wife,hot,True,17,rain-hot,12,0,768,256,256,0.0,30.0,72.0,72.0,72,104,0.28125,0.28125,57.375,65.8125,24315,0,0.0,False
wife,hot,True,18,rain-hot,12,0,768,256,256,0.0,30.0,72.0,72.0,72,104,0.28125,0.28125,57.375,65.8125,24315,0,0.0,False
wife,hot,True,19,rain-hot,12,0,768,256,256,0.0,30.0,72.0,72.0,72,104,0.28125,0.28125,57.375,65.8125,24315,0,0.0,False
wife,hot,True,20,rain-hot,22,512,1280,256,256,0.0,30.0,72.0,72.0,72,104,0.28125,0.28125,58.21875,66.09375,25932,0,0.0,False
wife,hot,True,21,rain-hot,22,512,1280,256,256,0.0,30.0,72.0,72.0,72,104,0.28125,0.28125,58.21875,66.09375,25932,0,0.0,False
wife,hot,True,22,rain-hot,22,512,1280,256,256,0.0,30.0,72.0,72.0,72,104,0.28125,0.28125,58.21875,66.09375,25932,0,0.0,False
wife,hot,True,23,rain-hot,20,0,1280,256,256,0.0,30.0,72.0,72.0,72,104,0.28125,0.28125,57.65625,66.09375,25610,0,0.0,False
wife,hot,True,24,rain-hot,16,0,1024,256,256,0.0,30.0,72.0,72.0,72,104,0.28125,0.28125,58.5,65.53125,25884,0,0.0,False
wife,hot,True,25,rain-hot,16,0,1024,256,256,0.0,30.0,72.0,72.0,72,104,0.28125,0.28125,58.5,65.53125,25884,0,0.0,False
wife,hot,True,26,rain-hot,16,0,1024,256,256,0.0,30.0,72.0,72.0,72,104,0.28125,0.28125,58.5,65.53125,25884,0,0.0,False
wife,hot,True,27,rain-hot,16,0,1024,256,256,0.0,30.0,72.0,72.0,72,104,0.28125,0.28125,58.5,65.53125,25884,0,0.0,False
wife,hot,True,28,rain-hot,18,512,1024,256,256,0.0,30.0,72.0,72.0,72,104,0.28125,0.28125,58.5,62.4375,26859,0,0.0,False
wife,hot,True,29,rain-hot,18,512,1024,256,256,0.0,30.0,72.0,72.0,72,104,0.28125,0.28125,58.5,62.4375,26859,0,0.0,False
wife,hot,True,30,rain-hot,18,512,1024,256,256,0.0,30.0,72.0,72.0,72,104,0.28125,0.28125,58.5,62.4375,26859,0,0.0,False
wife,hot,True,31,rain-hot,18,512,1024,256,256,0.0,30.0,72.0,72.0,72,104,0.28125,0.28125,58.5,62.4375,26859,0,0.0,False
wife,hot,True,32,rain-hot,23,768,1280,256,256,0.0,30.0,72.0,72.0,72,104,0.28125,0.28125,57.65625,65.53125,28410,0,0.0,False
wife,hot,True,33,rain-hot,23,768,1280,256,256,0.0,30.0,72.0,72.0,72,104,0.28125,0.28125,57.65625,65.53125,28410,0,0.0,False
wife,hot,True,34,rain-hot,23,768,1280,256,256,0.0,30.0,72.0,72.0,72,104,0.28125,0.28125,57.65625,65.53125,28410,0,0.0,False
wife,hot,True,35,rain-hot,23,768,1280,256,256,0.0,30.0,72.0,72.0,72,104,0.28125,0.28125,57.65625,65.53125,28410,0,0.0,False
wife,hot,True,36,rain-hot,19,768,1024,256,256,0.0,30.0,72.0,72.0,72,104,0.28125,0.28125,58.21875,65.53125,24324,0,0.0,False
wife,hot,True,37,rain-hot,19,768,1024,256,256,0.0,30.0,72.0,72.0,72,104,0.28125,0.28125,58.21875,65.53125,24324,0,0.0,False
wife,hot,True,38,rain-hot,19,768,1024,256,256,0.0,30.0,72.0,72.0,72,104,0.28125,0.28125,58.21875,65.53125,24324,0,0.0,False
wife,hot,True,39,rain-hot,12,0,768,256,256,0.0,30.0,72.0,72.0,72,104,0.28125,0.28125,57.375,65.8125,24315,0,0.0,False
wife,hot,True,40,weather-hot,21,256,1280,256,256,-10.800000000000004,8.399999999999991,93.60000000000001,93.60000000000001,72,104,0.36562500000000003,0.36562500000000003,86.653125,92.1375,29136,548,1.8808347062053816,False
wife,hot,True,41,weather-hot,21,256,1280,256,256,-10.800000000000004,8.399999999999991,93.60000000000001,93.60000000000001,72,104,0.36562500000000003,0.36562500000000003,86.653125,92.1375,29136,548,1.8808347062053816,False
wife,hot,True,42,peeking,2,0,512,512,512,0,0,38.0,44.0,38,44,0.07421875,0.0859375,33.62109375,42.796875,160913,0,0.0,True
wife,hot,True,43,peeking,3,512,512,512,512,0,0,38.0,44.0,38,44,0.07421875,0.0859375,33.62109375,42.796875,160918,0,0.0,True
wife,hot,True,44,rain-hot,17,256,1024,256,256,0.0,30.0,72.0,72.0,72,104,0.28125,0.28125,58.5,65.8125,25486,0,0.0,False
wife,hot,True,45,rain-hot,17,256,1024,256,256,0.0,30.0,72.0,72.0,72,104,0.28125,0.28125,58.5,65.8125,25486,0,0.0,False
wife,hot,True,46,rain-hot,23,768,1280,256,256,0.0,30.0,72.0,72.0,72,104,0.28125,0.28125,57.65625,65.53125,28410,0,0.0,False
wife,hot,True,47,rain-hot,21,256,1280,256,256,0.0,30.0,72.0,72.0,72,104,0.28125,0.28125,59.0625,65.25,28853,0,0.0,False
wife,hot,True,48,rain-hot,21,256,1280,256,256,0.0,30.0,72.0,72.0,72,104,0.28125,0.28125,59.0625,65.25,28853,0,0.0,False
wife,hot,True,49,rain-hot,18,512,1024,256,256,0.0,30.0,72.0,72.0,72,104,0.28125,0.28125,58.5,62.4375,26859,0,0.0,False
wife,hot,True,50,rain-hot,18,512,1024,256,256,0.0,30.0,72.0,72.0,72,104,0.28125,0.28125,58.5,62.4375,26859,0,0.0,False
wife,hot,True,51,rain-hot,21,256,1280,256,256,0.0,30.0,72.0,72.0,72,104,0.28125,0.28125,59.0625,65.25,28853,0,0.0,False
wife,hot,True,52,rain-hot,12,0,768,256,256,0.0,30.0,72.0,72.0,72,104,0.28125,0.28125,57.375,65.8125,24315,0,0.0,False
wife,hot,True,53,rain-hot,17,256,1024,256,256,0.0,30.0,72.0,72.0,72,104,0.28125,0.28125,58.5,65.8125,25486,0,0.0,False
wife,hot,True,54,rain-hot,17,256,1024,256,256,0.0,30.0,72.0,72.0,72,104,0.28125,0.28125,58.5,65.8125,25486,0,0.0,False
wife,hot,True,55,rain-hot,12,0,768,256,256,0.0,30.0,72.0,72.0,72,104,0.28125,0.28125,57.375,65.8125,24315,0,0.0,False
wife,hot,True,56,rain-hot,12,0,768,256,256,0.0,30.0,72.0,72.0,72,104,0.28125,0.28125,57.375,65.8125,24315,0,0.0,False
wife,hot,True,57,rain-hot,22,512,1280,256,256,0.0,30.0,72.0,72.0,72,104,0.28125,0.28125,58.21875,66.09375,25932,0,0.0,False
wife,hot,True,58,rain-hot,22,512,1280,256,256,0.0,30.0,72.0,72.0,72,104,0.28125,0.28125,58.21875,66.09375,25932,0,0.0,False
wife,hot,True,59,rain-hot,13,256,768,256,256,0.0,30.0,72.0,72.0,72,104,0.28125,0.28125,57.09375,66.09375,24383,0,0.0,False
wife,hot,True,60,rain-hot,14,512,768,256,256,0.0,30.0,72.0,72.0,72,104,0.28125,0.28125,57.65625,66.9375,25115,0,0.0,False
wife,hot,True,61,rain-hot,15,768,768,256,256,0.0,30.0,72.0,72.0,72,104,0.28125,0.28125,56.25,65.8125,24028,0,0.0,False
wife,hot,True,62,rain-hot,14,512,768,256,256,0.0,30.0,72.0,72.0,72,104,0.28125,0.28125,57.65625,66.9375,25115,0,0.0,False
wife,hot,True,63,rain-hot,15,768,768,256,256,0.0,30.0,72.0,72.0,72,104,0.28125,0.28125,56.25,65.8125,24028,0,0.0,False
wife,night,False,0,weather-night,14,512,768,256,256,-10.800000000000004,8.399999999999991,93.60000000000001,93.60000000000001,72,104,0.36562500000000003,0.36562500000000003,57.403125,93.23437500000001,26880,0,0.0,False
wife,night,False,1,weather-night,15,768,768,256,256,-10.800000000000004,8.399999999999991,93.60000000000001,93.60000000000001,72,104,0.36562500000000003,0.36562500000000003,57.403125,93.23437500000001,26586,0,0.0,False
wife,night,False,2,weather-night,14,512,768,256,256,-10.800000000000004,8.399999999999991,93.60000000000001,93.60000000000001,72,104,0.36562500000000003,0.36562500000000003,57.403125,93.23437500000001,26880,0,0.0,False
wife,night,False,3,weather-night,15,768,768,256,256,-10.800000000000004,8.399999999999991,93.60000000000001,93.60000000000001,72,104,0.36562500000000003,0.36562500000000003,57.403125,93.23437500000001,26586,0,0.0,False
wife,night,False,4,weather-night,12,0,768,256,256,-10.800000000000004,8.399999999999991,93.60000000000001,93.60000000000001,72,104,0.36562500000000003,0.36562500000000003,55.575,93.60000000000001,25810,0,0.0,False
wife,night,False,5,weather-night,13,256,768,256,256,-10.800000000000004,8.399999999999991,93.60000000000001,93.60000000000001,72,104,0.36562500000000003,0.36562500000000003,55.20937500000001,93.60000000000001,25817,0,0.0,False
wife,night,False,6,weather-night,13,256,768,256,256,-10.800000000000004,8.399999999999991,93.60000000000001,93.60000000000001,72,104,0.36562500000000003,0.36562500000000003,55.20937500000001,93.60000000000001,25817,0,0.0,False
wife,night,False,7,weather-night,12,0,768,256,256,-10.800000000000004,8.399999999999991,93.60000000000001,93.60000000000001,72,104,0.36562500000000003,0.36562500000000003,55.575,93.60000000000001,25810,0,0.0,False
wife,night,False,8,weather-night,20,0,1280,256,256,-10.800000000000004,8.399999999999991,93.60000000000001,93.60000000000001,72,104,0.36562500000000003,0.36562500000000003,82.26562500000001,87.75000000000001,27648,807,2.9188368055555554,False
wife,night,False,9,weather-night,20,0,1280,256,256,-10.800000000000004,8.399999999999991,93.60000000000001,93.60000000000001,72,104,0.36562500000000003,0.36562500000000003,82.26562500000001,87.75000000000001,27648,807,2.9188368055555554,False
wife,night,False,10,weather-night,20,0,1280,256,256,-10.800000000000004,8.399999999999991,93.60000000000001,93.60000000000001,72,104,0.36562500000000003,0.36562500000000003,82.26562500000001,87.75000000000001,27648,807,2.9188368055555554,False
wife,night,False,11,weather-night,20,0,1280,256,256,-10.800000000000004,8.399999999999991,93.60000000000001,93.60000000000001,72,104,0.36562500000000003,0.36562500000000003,82.26562500000001,87.75000000000001,27648,807,2.9188368055555554,False
wife,night,False,12,weather-night,17,256,1024,256,256,-10.800000000000004,8.399999999999991,93.60000000000001,93.60000000000001,72,104,0.36562500000000003,0.36562500000000003,64.715625,93.60000000000001,26575,0,0.0,False
wife,night,False,13,weather-night,17,256,1024,256,256,-10.800000000000004,8.399999999999991,93.60000000000001,93.60000000000001,72,104,0.36562500000000003,0.36562500000000003,64.715625,93.60000000000001,26575,0,0.0,False
wife,night,False,14,weather-night,17,256,1024,256,256,-10.800000000000004,8.399999999999991,93.60000000000001,93.60000000000001,72,104,0.36562500000000003,0.36562500000000003,64.715625,93.60000000000001,26575,0,0.0,False
wife,night,False,15,weather-night,12,0,768,256,256,-10.800000000000004,8.399999999999991,93.60000000000001,93.60000000000001,72,104,0.36562500000000003,0.36562500000000003,55.575,93.60000000000001,25810,0,0.0,False
wife,night,False,16,weather-night,12,0,768,256,256,-10.800000000000004,8.399999999999991,93.60000000000001,93.60000000000001,72,104,0.36562500000000003,0.36562500000000003,55.575,93.60000000000001,25810,0,0.0,False
wife,night,False,17,weather-night,12,0,768,256,256,-10.800000000000004,8.399999999999991,93.60000000000001,93.60000000000001,72,104,0.36562500000000003,0.36562500000000003,55.575,93.60000000000001,25810,0,0.0,False
wife,night,False,18,weather-night,12,0,768,256,256,-10.800000000000004,8.399999999999991,93.60000000000001,93.60000000000001,72,104,0.36562500000000003,0.36562500000000003,55.575,93.60000000000001,25810,0,0.0,False
wife,night,False,19,weather-night,12,0,768,256,256,-10.800000000000004,8.399999999999991,93.60000000000001,93.60000000000001,72,104,0.36562500000000003,0.36562500000000003,55.575,93.60000000000001,25810,0,0.0,False
wife,night,False,20,weather-night,22,512,1280,256,256,-10.800000000000004,8.399999999999991,93.60000000000001,93.60000000000001,72,104,0.36562500000000003,0.36562500000000003,84.825,90.67500000000001,28557,804,2.8154217880029413,False
wife,night,False,21,weather-night,22,512,1280,256,256,-10.800000000000004,8.399999999999991,93.60000000000001,93.60000000000001,72,104,0.36562500000000003,0.36562500000000003,84.825,90.67500000000001,28557,804,2.8154217880029413,False
wife,night,False,22,weather-night,22,512,1280,256,256,-10.800000000000004,8.399999999999991,93.60000000000001,93.60000000000001,72,104,0.36562500000000003,0.36562500000000003,84.825,90.67500000000001,28557,804,2.8154217880029413,False
wife,night,False,23,weather-night,20,0,1280,256,256,-10.800000000000004,8.399999999999991,93.60000000000001,93.60000000000001,72,104,0.36562500000000003,0.36562500000000003,82.26562500000001,87.75000000000001,27648,807,2.9188368055555554,False
wife,night,False,24,weather-night,16,0,1024,256,256,-10.800000000000004,8.399999999999991,93.60000000000001,93.60000000000001,72,104,0.36562500000000003,0.36562500000000003,54.478125000000006,93.60000000000001,24053,0,0.0,False
wife,night,False,25,weather-night,16,0,1024,256,256,-10.800000000000004,8.399999999999991,93.60000000000001,93.60000000000001,72,104,0.36562500000000003,0.36562500000000003,54.478125000000006,93.60000000000001,24053,0,0.0,False
wife,night,False,26,weather-night,16,0,1024,256,256,-10.800000000000004,8.399999999999991,93.60000000000001,93.60000000000001,72,104,0.36562500000000003,0.36562500000000003,54.478125000000006,93.60000000000001,24053,0,0.0,False
wife,night,False,27,weather-night,16,0,1024,256,256,-10.800000000000004,8.399999999999991,93.60000000000001,93.60000000000001,72,104,0.36562500000000003,0.36562500000000003,54.478125000000006,93.60000000000001,24053,0,0.0,False
wife,night,False,28,weather-night,18,512,1024,256,256,-10.800000000000004,8.399999999999991,93.60000000000001,93.60000000000001,72,104,0.36562500000000003,0.36562500000000003,57.03750000000001,93.60000000000001,22082,0,0.0,False
wife,night,False,29,weather-night,18,512,1024,256,256,-10.800000000000004,8.399999999999991,93.60000000000001,93.60000000000001,72,104,0.36562500000000003,0.36562500000000003,57.03750000000001,93.60000000000001,22082,0,0.0,False
wife,night,False,30,weather-night,18,512,1024,256,256,-10.800000000000004,8.399999999999991,93.60000000000001,93.60000000000001,72,104,0.36562500000000003,0.36562500000000003,57.03750000000001,93.60000000000001,22082,0,0.0,False
wife,night,False,31,weather-night,18,512,1024,256,256,-10.800000000000004,8.399999999999991,93.60000000000001,93.60000000000001,72,104,0.36562500000000003,0.36562500000000003,57.03750000000001,93.60000000000001,22082,0,0.0,False
wife,night,False,32,weather-night,23,768,1280,256,256,-10.800000000000004,8.399999999999991,93.60000000000001,93.60000000000001,72,104,0.36562500000000003,0.36562500000000003,86.28750000000001,91.040625,27838,318,1.1423234427760616,False
wife,night,False,33,weather-night,23,768,1280,256,256,-10.800000000000004,8.399999999999991,93.60000000000001,93.60000000000001,72,104,0.36562500000000003,0.36562500000000003,86.28750000000001,91.040625,27838,318,1.1423234427760616,False
wife,night,False,34,weather-night,23,768,1280,256,256,-10.800000000000004,8.399999999999991,93.60000000000001,93.60000000000001,72,104,0.36562500000000003,0.36562500000000003,86.28750000000001,91.040625,27838,318,1.1423234427760616,False
wife,night,False,35,weather-night,23,768,1280,256,256,-10.800000000000004,8.399999999999991,93.60000000000001,93.60000000000001,72,104,0.36562500000000003,0.36562500000000003,86.28750000000001,91.040625,27838,318,1.1423234427760616,False
wife,night,False,36,weather-night,19,768,1024,256,256,-10.800000000000004,8.399999999999991,93.60000000000001,93.60000000000001,72,104,0.36562500000000003,0.36562500000000003,62.8875,93.60000000000001,24628,0,0.0,False
wife,night,False,37,weather-night,19,768,1024,256,256,-10.800000000000004,8.399999999999991,93.60000000000001,93.60000000000001,72,104,0.36562500000000003,0.36562500000000003,62.8875,93.60000000000001,24628,0,0.0,False
wife,night,False,38,weather-night,19,768,1024,256,256,-10.800000000000004,8.399999999999991,93.60000000000001,93.60000000000001,72,104,0.36562500000000003,0.36562500000000003,62.8875,93.60000000000001,24628,0,0.0,False
wife,night,False,39,weather-night,12,0,768,256,256,-10.800000000000004,8.399999999999991,93.60000000000001,93.60000000000001,72,104,0.36562500000000003,0.36562500000000003,55.575,93.60000000000001,25810,0,0.0,False
wife,night,False,40,weather-night,21,256,1280,256,256,-10.800000000000004,8.399999999999991,93.60000000000001,93.60000000000001,72,104,0.36562500000000003,0.36562500000000003,59.23125,91.40625000000001,25179,0,0.0,False
wife,night,False,41,weather-night,21,256,1280,256,256,-10.800000000000004,8.399999999999991,93.60000000000001,93.60000000000001,72,104,0.36562500000000003,0.36562500000000003,59.23125,91.40625000000001,25179,0,0.0,False
wife,night,False,42,peeking,2,0,512,512,512,0,0,38.0,44.0,38,44,0.07421875,0.0859375,33.62109375,42.796875,160913,0,0.0,True
wife,night,False,43,peeking,3,512,512,512,512,0,0,38.0,44.0,38,44,0.07421875,0.0859375,33.62109375,42.796875,160918,0,0.0,True
wife,night,False,44,cooling,4,0,512,384,512,0.8999999999999986,8.399999999999991,70.2,93.60000000000001,72,104,0.18281250000000002,0.18281250000000002,47.53125000000001,84.09375000000001,74821,0,0.0,False
wife,night,False,45,cooling,5,384,512,384,512,0.8999999999999986,8.399999999999991,70.2,93.60000000000001,72,104,0.18281250000000002,0.18281250000000002,54.6609375,83.17968750000001,76657,0,0.0,False
wife,night,False,46,cooling,6,768,512,384,512,0.8999999999999986,8.399999999999991,70.2,93.60000000000001,72,104,0.18281250000000002,0.18281250000000002,52.8328125,72.9421875,77456,0,0.0,False
wife,night,False,47,cooling,7,1152,512,384,512,0.8999999999999986,8.399999999999991,70.2,93.60000000000001,72,104,0.18281250000000002,0.18281250000000002,55.20937500000001,71.8453125,81043,0,0.0,False
wife,night,False,48,weather-night,21,256,1280,256,256,-10.800000000000004,8.399999999999991,93.60000000000001,93.60000000000001,72,104,0.36562500000000003,0.36562500000000003,59.23125,91.40625000000001,25179,0,0.0,False
wife,night,False,49,weather-night,18,512,1024,256,256,-10.800000000000004,8.399999999999991,93.60000000000001,93.60000000000001,72,104,0.36562500000000003,0.36562500000000003,57.03750000000001,93.60000000000001,22082,0,0.0,False
wife,night,False,50,weather-night,18,512,1024,256,256,-10.800000000000004,8.399999999999991,93.60000000000001,93.60000000000001,72,104,0.36562500000000003,0.36562500000000003,57.03750000000001,93.60000000000001,22082,0,0.0,False
wife,night,False,51,weather-night,21,256,1280,256,256,-10.800000000000004,8.399999999999991,93.60000000000001,93.60000000000001,72,104,0.36562500000000003,0.36562500000000003,59.23125,91.40625000000001,25179,0,0.0,False
wife,night,False,52,weather-night,12,0,768,256,256,-10.800000000000004,8.399999999999991,93.60000000000001,93.60000000000001,72,104,0.36562500000000003,0.36562500000000003,55.575,93.60000000000001,25810,0,0.0,False
wife,night,False,53,weather-night,17,256,1024,256,256,-10.800000000000004,8.399999999999991,93.60000000000001,93.60000000000001,72,104,0.36562500000000003,0.36562500000000003,64.715625,93.60000000000001,26575,0,0.0,False
wife,night,False,54,weather-night,17,256,1024,256,256,-10.800000000000004,8.399999999999991,93.60000000000001,93.60000000000001,72,104,0.36562500000000003,0.36562500000000003,64.715625,93.60000000000001,26575,0,0.0,False
wife,night,False,55,weather-night,12,0,768,256,256,-10.800000000000004,8.399999999999991,93.60000000000001,93.60000000000001,72,104,0.36562500000000003,0.36562500000000003,55.575,93.60000000000001,25810,0,0.0,False
wife,night,False,56,weather-night,12,0,768,256,256,-10.800000000000004,8.399999999999991,93.60000000000001,93.60000000000001,72,104,0.36562500000000003,0.36562500000000003,55.575,93.60000000000001,25810,0,0.0,False
wife,night,False,57,weather-night,22,512,1280,256,256,-10.800000000000004,8.399999999999991,93.60000000000001,93.60000000000001,72,104,0.36562500000000003,0.36562500000000003,84.825,90.67500000000001,28557,804,2.8154217880029413,False
wife,night,False,58,weather-night,22,512,1280,256,256,-10.800000000000004,8.399999999999991,93.60000000000001,93.60000000000001,72,104,0.36562500000000003,0.36562500000000003,84.825,90.67500000000001,28557,804,2.8154217880029413,False
wife,night,False,59,weather-night,13,256,768,256,256,-10.800000000000004,8.399999999999991,93.60000000000001,93.60000000000001,72,104,0.36562500000000003,0.36562500000000003,55.20937500000001,93.60000000000001,25817,0,0.0,False
wife,night,False,60,weather-night,14,512,768,256,256,-10.800000000000004,8.399999999999991,93.60000000000001,93.60000000000001,72,104,0.36562500000000003,0.36562500000000003,57.403125,93.23437500000001,26880,0,0.0,False
wife,night,False,61,weather-night,15,768,768,256,256,-10.800000000000004,8.399999999999991,93.60000000000001,93.60000000000001,72,104,0.36562500000000003,0.36562500000000003,57.403125,93.23437500000001,26586,0,0.0,False
wife,night,False,62,weather-night,14,512,768,256,256,-10.800000000000004,8.399999999999991,93.60000000000001,93.60000000000001,72,104,0.36562500000000003,0.36562500000000003,57.403125,93.23437500000001,26880,0,0.0,False
wife,night,False,63,weather-night,15,768,768,256,256,-10.800000000000004,8.399999999999991,93.60000000000001,93.60000000000001,72,104,0.36562500000000003,0.36562500000000003,57.403125,93.23437500000001,26586,0,0.0,False
wife,night,True,0,rain-night,14,512,768,256,256,0.0,30.0,72.0,72.0,72,104,0.28125,0.28125,57.9375,68.0625,25937,0,0.0,False
wife,night,True,1,rain-night,15,768,768,256,256,0.0,30.0,72.0,72.0,72,104,0.28125,0.28125,56.25,66.09375,24533,0,0.0,False
wife,night,True,2,rain-night,14,512,768,256,256,0.0,30.0,72.0,72.0,72,104,0.28125,0.28125,57.9375,68.0625,25937,0,0.0,False
wife,night,True,3,rain-night,15,768,768,256,256,0.0,30.0,72.0,72.0,72,104,0.28125,0.28125,56.25,66.09375,24533,0,0.0,False
wife,night,True,4,rain-night,12,0,768,256,256,0.0,30.0,72.0,72.0,72,104,0.28125,0.28125,57.375,66.65625,25033,0,0.0,False
wife,night,True,5,rain-night,13,256,768,256,256,0.0,30.0,72.0,72.0,72,104,0.28125,0.28125,57.09375,66.65625,25123,0,0.0,False
wife,night,True,6,rain-night,13,256,768,256,256,0.0,30.0,72.0,72.0,72,104,0.28125,0.28125,57.09375,66.65625,25123,0,0.0,False
wife,night,True,7,rain-night,12,0,768,256,256,0.0,30.0,72.0,72.0,72,104,0.28125,0.28125,57.375,66.65625,25033,0,0.0,False
wife,night,True,8,weather-night,20,0,1280,256,256,-10.800000000000004,8.399999999999991,93.60000000000001,93.60000000000001,72,104,0.36562500000000003,0.36562500000000003,82.26562500000001,87.75000000000001,27648,807,2.9188368055555554,False
wife,night,True,9,weather-night,20,0,1280,256,256,-10.800000000000004,8.399999999999991,93.60000000000001,93.60000000000001,72,104,0.36562500000000003,0.36562500000000003,82.26562500000001,87.75000000000001,27648,807,2.9188368055555554,False
wife,night,True,10,weather-night,20,0,1280,256,256,-10.800000000000004,8.399999999999991,93.60000000000001,93.60000000000001,72,104,0.36562500000000003,0.36562500000000003,82.26562500000001,87.75000000000001,27648,807,2.9188368055555554,False
wife,night,True,11,weather-night,20,0,1280,256,256,-10.800000000000004,8.399999999999991,93.60000000000001,93.60000000000001,72,104,0.36562500000000003,0.36562500000000003,82.26562500000001,87.75000000000001,27648,807,2.9188368055555554,False
wife,night,True,12,rain-night,17,256,1024,256,256,0.0,30.0,72.0,72.0,72,104,0.28125,0.28125,58.5,65.8125,26116,0,0.0,False
wife,night,True,13,rain-night,17,256,1024,256,256,0.0,30.0,72.0,72.0,72,104,0.28125,0.28125,58.5,65.8125,26116,0,0.0,False
wife,night,True,14,rain-night,17,256,1024,256,256,0.0,30.0,72.0,72.0,72,104,0.28125,0.28125,58.5,65.8125,26116,0,0.0,False
wife,night,True,15,rain-night,12,0,768,256,256,0.0,30.0,72.0,72.0,72,104,0.28125,0.28125,57.375,66.65625,25033,0,0.0,False
wife,night,True,16,rain-night,12,0,768,256,256,0.0,30.0,72.0,72.0,72,104,0.28125,0.28125,57.375,66.65625,25033,0,0.0,False
wife,night,True,17,rain-night,12,0,768,256,256,0.0,30.0,72.0,72.0,72,104,0.28125,0.28125,57.375,66.65625,25033,0,0.0,False
wife,night,True,18,rain-night,12,0,768,256,256,0.0,30.0,72.0,72.0,72,104,0.28125,0.28125,57.375,66.65625,25033,0,0.0,False
wife,night,True,19,rain-night,12,0,768,256,256,0.0,30.0,72.0,72.0,72,104,0.28125,0.28125,57.375,66.65625,25033,0,0.0,False
wife,night,True,20,rain-night,22,512,1280,256,256,0.0,30.0,72.0,72.0,72,104,0.28125,0.28125,58.21875,66.9375,26857,0,0.0,False
wife,night,True,21,rain-night,22,512,1280,256,256,0.0,30.0,72.0,72.0,72,104,0.28125,0.28125,58.21875,66.9375,26857,0,0.0,False
wife,night,True,22,rain-night,22,512,1280,256,256,0.0,30.0,72.0,72.0,72,104,0.28125,0.28125,58.21875,66.9375,26857,0,0.0,False
wife,night,True,23,rain-night,20,0,1280,256,256,0.0,30.0,72.0,72.0,72,104,0.28125,0.28125,57.65625,66.375,26446,0,0.0,False
wife,night,True,24,rain-night,16,0,1024,256,256,0.0,30.0,72.0,72.0,72,104,0.28125,0.28125,58.5,66.09375,26569,0,0.0,False
wife,night,True,25,rain-night,16,0,1024,256,256,0.0,30.0,72.0,72.0,72,104,0.28125,0.28125,58.5,66.09375,26569,0,0.0,False
wife,night,True,26,rain-night,16,0,1024,256,256,0.0,30.0,72.0,72.0,72,104,0.28125,0.28125,58.5,66.09375,26569,0,0.0,False
wife,night,True,27,rain-night,16,0,1024,256,256,0.0,30.0,72.0,72.0,72,104,0.28125,0.28125,58.5,66.09375,26569,0,0.0,False
wife,night,True,28,rain-night,18,512,1024,256,256,0.0,30.0,72.0,72.0,72,104,0.28125,0.28125,58.5,63.0,27379,0,0.0,False
wife,night,True,29,rain-night,18,512,1024,256,256,0.0,30.0,72.0,72.0,72,104,0.28125,0.28125,58.5,63.0,27379,0,0.0,False
wife,night,True,30,rain-night,18,512,1024,256,256,0.0,30.0,72.0,72.0,72,104,0.28125,0.28125,58.5,63.0,27379,0,0.0,False
wife,night,True,31,rain-night,18,512,1024,256,256,0.0,30.0,72.0,72.0,72,104,0.28125,0.28125,58.5,63.0,27379,0,0.0,False
wife,night,True,32,rain-night,23,768,1280,256,256,0.0,30.0,72.0,72.0,72,104,0.28125,0.28125,57.65625,65.53125,28637,0,0.0,False
wife,night,True,33,rain-night,23,768,1280,256,256,0.0,30.0,72.0,72.0,72,104,0.28125,0.28125,57.65625,65.53125,28637,0,0.0,False
wife,night,True,34,rain-night,23,768,1280,256,256,0.0,30.0,72.0,72.0,72,104,0.28125,0.28125,57.65625,65.53125,28637,0,0.0,False
wife,night,True,35,rain-night,23,768,1280,256,256,0.0,30.0,72.0,72.0,72,104,0.28125,0.28125,57.65625,65.53125,28637,0,0.0,False
wife,night,True,36,rain-night,19,768,1024,256,256,0.0,30.0,72.0,72.0,72,104,0.28125,0.28125,58.21875,65.53125,24764,0,0.0,False
wife,night,True,37,rain-night,19,768,1024,256,256,0.0,30.0,72.0,72.0,72,104,0.28125,0.28125,58.21875,65.53125,24764,0,0.0,False
wife,night,True,38,rain-night,19,768,1024,256,256,0.0,30.0,72.0,72.0,72,104,0.28125,0.28125,58.21875,65.53125,24764,0,0.0,False
wife,night,True,39,rain-night,12,0,768,256,256,0.0,30.0,72.0,72.0,72,104,0.28125,0.28125,57.375,66.65625,25033,0,0.0,False
wife,night,True,40,weather-night,21,256,1280,256,256,-10.800000000000004,8.399999999999991,93.60000000000001,93.60000000000001,72,104,0.36562500000000003,0.36562500000000003,59.23125,91.40625000000001,25179,0,0.0,False
wife,night,True,41,weather-night,21,256,1280,256,256,-10.800000000000004,8.399999999999991,93.60000000000001,93.60000000000001,72,104,0.36562500000000003,0.36562500000000003,59.23125,91.40625000000001,25179,0,0.0,False
wife,night,True,42,peeking,2,0,512,512,512,0,0,38.0,44.0,38,44,0.07421875,0.0859375,33.62109375,42.796875,160913,0,0.0,True
wife,night,True,43,peeking,3,512,512,512,512,0,0,38.0,44.0,38,44,0.07421875,0.0859375,33.62109375,42.796875,160918,0,0.0,True
wife,night,True,44,rain-night,17,256,1024,256,256,0.0,30.0,72.0,72.0,72,104,0.28125,0.28125,58.5,65.8125,26116,0,0.0,False
wife,night,True,45,rain-night,17,256,1024,256,256,0.0,30.0,72.0,72.0,72,104,0.28125,0.28125,58.5,65.8125,26116,0,0.0,False
wife,night,True,46,rain-night,23,768,1280,256,256,0.0,30.0,72.0,72.0,72,104,0.28125,0.28125,57.65625,65.53125,28637,0,0.0,False
wife,night,True,47,rain-night,21,256,1280,256,256,0.0,30.0,72.0,72.0,72,104,0.28125,0.28125,59.0625,65.8125,29262,0,0.0,False
wife,night,True,48,rain-night,21,256,1280,256,256,0.0,30.0,72.0,72.0,72,104,0.28125,0.28125,59.0625,65.8125,29262,0,0.0,False
wife,night,True,49,rain-night,18,512,1024,256,256,0.0,30.0,72.0,72.0,72,104,0.28125,0.28125,58.5,63.0,27379,0,0.0,False
wife,night,True,50,rain-night,18,512,1024,256,256,0.0,30.0,72.0,72.0,72,104,0.28125,0.28125,58.5,63.0,27379,0,0.0,False
wife,night,True,51,rain-night,21,256,1280,256,256,0.0,30.0,72.0,72.0,72,104,0.28125,0.28125,59.0625,65.8125,29262,0,0.0,False
wife,night,True,52,rain-night,12,0,768,256,256,0.0,30.0,72.0,72.0,72,104,0.28125,0.28125,57.375,66.65625,25033,0,0.0,False
wife,night,True,53,rain-night,17,256,1024,256,256,0.0,30.0,72.0,72.0,72,104,0.28125,0.28125,58.5,65.8125,26116,0,0.0,False
wife,night,True,54,rain-night,17,256,1024,256,256,0.0,30.0,72.0,72.0,72,104,0.28125,0.28125,58.5,65.8125,26116,0,0.0,False
wife,night,True,55,rain-night,12,0,768,256,256,0.0,30.0,72.0,72.0,72,104,0.28125,0.28125,57.375,66.65625,25033,0,0.0,False
wife,night,True,56,rain-night,12,0,768,256,256,0.0,30.0,72.0,72.0,72,104,0.28125,0.28125,57.375,66.65625,25033,0,0.0,False
wife,night,True,57,rain-night,22,512,1280,256,256,0.0,30.0,72.0,72.0,72,104,0.28125,0.28125,58.21875,66.9375,26857,0,0.0,False
wife,night,True,58,rain-night,22,512,1280,256,256,0.0,30.0,72.0,72.0,72,104,0.28125,0.28125,58.21875,66.9375,26857,0,0.0,False
wife,night,True,59,rain-night,13,256,768,256,256,0.0,30.0,72.0,72.0,72,104,0.28125,0.28125,57.09375,66.65625,25123,0,0.0,False
wife,night,True,60,rain-night,14,512,768,256,256,0.0,30.0,72.0,72.0,72,104,0.28125,0.28125,57.9375,68.0625,25937,0,0.0,False
wife,night,True,61,rain-night,15,768,768,256,256,0.0,30.0,72.0,72.0,72,104,0.28125,0.28125,56.25,66.09375,24533,0,0.0,False
wife,night,True,62,rain-night,14,512,768,256,256,0.0,30.0,72.0,72.0,72,104,0.28125,0.28125,57.9375,68.0625,25937,0,0.0,False
wife,night,True,63,rain-night,15,768,768,256,256,0.0,30.0,72.0,72.0,72,104,0.28125,0.28125,56.25,66.09375,24533,0,0.0,False
